Date,USD,GBP,EUR
2013-09-29,1333.0,831.203,986.75
2013-09-22,1349.25,842.755,997.671
2013-09-15,1318.5,831.546,993.969
2013-09-08,1387.0,886.885,1052.911
2013-09-01,1394.75,901.292,1055.749
2013-08-25,1377.5,885.738,1030.6
2013-08-18,1369.25,875.424,1024.964
2013-08-11,1309.0,843.156,979.79
2013-08-04,1309.25,858.637,986.921
2013-07-28,1331.0,864.23,1001.505
2013-07-21,1295.75,848.726,987.012
2013-07-14,1279.75,846.9,982.006
2013-07-07,1212.75,814.582,944.804
2013-06-30,1192.0,783.026,914.391
2013-06-23,1295.25,839.872,984.457
2013-06-16,1391.25,887.616,1044.012
2013-06-09,1386.0,894.078,1049.92
2013-06-02,1394.5,919.916,1075.505
2013-05-26,1390.25,919.417,1073.386
2013-05-19,1368.75,901.502,1068.001
2013-05-12,1426.5,927.564,1098.491
2013-05-05,1469.25,943.218,1120.368
2013-04-28,1471.5,950.766,1130.705
2013-04-21,1405.5,918.267,1071.674
2013-04-14,1535.5,998.894,1173.302
2013-04-07,1568.0,1023.699,1204.949
2013-03-31,1598.25,1053.56,1245.907
2013-03-24,1607.75,1056.826,1238.541
2013-03-17,1595.5,1054.388,1222.137
2013-03-10,1581.75,1058.948,1218.23
2013-03-03,1582.25,1054.131,1218.991
2013-02-24,1576.5,1032.89,1199.133
2013-02-17,1612.25,1039.893,1207.407
2013-02-10,1668.25,1057.059,1245.706
2013-02-03,1669.0,1058.137,1225.044
2013-01-27,1660.0,1049.902,1233.101
2013-01-20,1688.5,1062.016,1269.072
2013-01-13,1657.5,1029.887,1243.249
2013-01-06,1648.0,1026.727,1262.932
2012-12-30,1657.5,1027.206,1253.024
2012-12-23,1651.5,1019.256,1253.701
2012-12-16,1696.25,1052.003,1295.639
2012-12-09,1701.5,1062.707,1318.481
2012-12-02,1726.0,1077.74,1326.672
2012-11-25,1734.5,1085.555,1340.21
2012-11-18,1713.5,1080.255,1346.562
2012-11-11,1738.25,1091.18,1366.549
2012-11-04,1685.0,1050.041,1311.59
2012-10-28,1716.0,1064.384,1326.326
2012-10-21,1737.0,1082.243,1332.26
2012-10-14,1766.75,1098.315,1361.133
2012-10-07,1784.0,1101.303,1366.526
2012-09-30,1776.0,1099.486,1377.278
2012-09-23,1784.5,1096.265,1373.326
2012-09-16,1775.5,1094.299,1348.959
2012-09-09,1728.0,1080.068,1354.657
2012-09-02,1648.5,1041.311,1311.56
2012-08-26,1667.0,1053.796,1332.747
2012-08-19,1614.75,1028.896,1311.738
2012-08-12,1618.5,1037.101,1320.039
2012-08-05,1602.0,1028.043,1299.586
2012-07-29,1618.25,1026.874,1309.052
2012-07-22,1576.25,1007.639,1296.258
2012-07-15,1595.5,1026.573,1301.599
2012-07-08,1587.0,1023.211,1288.463
2012-07-01,1598.5,1019.322,1260.448
2012-06-24,1565.5,1003.526,1244.633
2012-06-17,1627.25,1041.04,1289.462
2012-06-10,1576.5,1022.374,1265.249
2012-06-03,1606.0,1041.775,1292.763
2012-05-27,1569.5,1000.638,1252.194
2012-05-20,1589.5,1004.741,1249.803
2012-05-13,1583.0,983.78,1223.622
2012-05-06,1643.75,1015.978,1248.765
2012-04-29,1663.5,1024.449,1255.946
2012-04-22,1641.5,1018.553,1244.126
2012-04-15,1666.5,1047.125,1272.137
2012-04-08,1631.0,1029.607,1248.278
2012-04-01,1662.5,1039.452,1246.626
2012-03-25,1664.0,1047.991,1254.429
2012-03-18,1658.0,1046.189,1258.444
2012-03-11,1687.5,1074.567,1285.225
2012-03-04,1707.0,1077.583,1293.77
2012-02-26,1777.5,1121.38,1321.856
2012-02-19,1723.0,1089.817,1309.569
2012-02-12,1711.5,1086.667,1298.46
2012-02-05,1734.0,1099.068,1324.574
2012-01-29,1726.0,1099.853,1316.452
2012-01-22,1653.0,1064.94,1279.016
2012-01-15,1635.5,1069.304,1289.623
2012-01-08,1616.5,1049.88,1271.533
2012-01-01,1531.0,992.673,1184.16
2011-12-25,1606.5,1024.684,1231.129
2011-12-18,1594.0,1026.93,1222.862
2011-12-11,1709.0,1092.362,1277.948
2011-12-04,1747.0,1114.585,1295.898
2011-11-27,1688.5,1089.144,1272.131
2011-11-20,1719.0,1089.285,1270.228
2011-11-13,1773.0,1108.61,1295.295
2011-11-06,1749.0,1096.071,1272.555
2011-10-30,1741.0,1081.299,1230.041
2011-10-23,1642.5,1031.138,1183.528
2011-10-16,1678.0,1060.482,1210.416
2011-10-09,1652.0,1059.314,1224.883
2011-10-02,1620.0,1040.997,1204.73
2011-09-25,1689.0,1092.355,1250.0
2011-09-18,1794.0,1133.649,1297.18
2011-09-11,1851.0,1163.492,1348.83
2011-09-04,1875.25,1157.562,1318.927
2011-08-28,1788.0,1099.023,1242.875
2011-08-21,1848.0,1113.723,1280.843
2011-08-14,1736.0,1066.012,1219.016
2011-08-07,1658.75,1014.34,1167.476
2011-07-31,1628.5,992.08,1133.11
2011-07-24,1602.0,984.332,1118.09
2011-07-17,1587.0,985.347,1124.42
2011-07-10,1541.5,960.077,1076.17
2011-07-03,1483.0,926.065,1025.87
2011-06-26,1514.75,947.074,1067.78
2011-06-19,1537.5,949.602,1074.8
2011-06-12,1529.25,941.888,1061.02
2011-06-05,1540.0,942.588,1059.29
2011-05-29,1533.0,932.936,1076.17
2011-05-22,1490.75,921.467,1052.64
2011-05-15,1505.75,928.043,1058.15
2011-05-08,1486.5,905.023,1024.61
2011-05-01,1535.5,919.736,1034.36
2011-04-24,1504.0,908.652,1033.39
2011-04-17,1476.75,903.764,1023.81
2011-04-10,1469.5,896.638,1017.73
2011-04-03,1418.0,886.527,1006.53
2011-03-27,1436.0,892.924,1014.84
2011-03-20,1420.0,877.952,1004.39
2011-03-13,1411.5,880.976,1021.35
2011-03-06,1427.0,876.267,1019.29
2011-02-27,1402.5,874.54,1021.26
2011-02-20,1383.5,852.696,1015.04
2011-02-13,1364.0,852.5,1007.31
2011-02-06,1355.0,843.974,999.926
2011-01-30,1319.0,830.605,962.774
2011-01-23,1343.5,840.844,991.074
2011-01-16,1367.0,860.56,1021.29
2011-01-09,1367.0,880.799,1053.16
2011-01-02,1405.5,909.532,1056.45
2010-12-26,1373.5,890.553,1051.28
2010-12-19,1368.5,882.334,1035.57
2010-12-12,1375.25,871.239,1041.38
2010-12-05,1403.5,894.861,1051.31
2010-11-28,1355.0,866.424,1022.64
2010-11-21,1342.5,841.587,983.589
2010-11-14,1388.5,859.752,1010.11
2010-11-07,1395.5,859.034,990.278
2010-10-31,1346.75,843.036,968.258
2010-10-24,1322.5,842.786,949.322
2010-10-17,1367.5,852.503,975.253
2010-10-10,1341.5,840.96,961.994
2010-10-03,1316.25,832.859,957.412
2010-09-26,1297.0,821.406,963.238
2010-09-19,1274.0,813.953,975.05
2010-09-12,1246.5,809.942,981.883
2010-09-05,1240.5,803.953,964.019
2010-08-29,1235.0,798.474,972.135
2010-08-22,1223.5,788.338,964.525
2010-08-15,1214.25,777.867,947.375
2010-08-08,1207.75,755.316,906.259
2010-08-01,1169.0,748.879,897.918
2010-07-25,1190.5,774.712,928.917
2010-07-18,1189.25,774.655,917.702
2010-07-11,1208.75,799.438,957.122
2010-07-04,1201.5,791.346,954.329
2010-06-27,1254.0,838.628,1019.26
2010-06-20,1256.0,848.419,1015.61
2010-06-13,1220.0,837.107,1006.93
2010-06-06,1203.5,826.296,999.419
2010-05-30,1207.5,830.868,976.231
2010-05-23,1179.75,816.775,937.798
2010-05-16,1236.5,848.662,993.971
2010-05-09,1202.25,818.581,949.045
2010-05-02,1179.25,773.076,887.388
2010-04-25,1139.5,744.333,856.896
2010-04-18,1151.5,746.419,851.26
2010-04-11,1152.5,750.033,857.26
2010-04-04,1123.5,737.205,832.654
2010-03-28,1096.5,735.807,818.406
2010-03-21,1105.5,736.754,818.343
2010-03-14,1106.25,730.777,805.717
2010-03-07,1135.0,755.307,836.527
2010-02-28,1108.25,731.18,816.932
2010-02-21,1112.75,721.815,824.198
2010-02-14,1082.0,692.702,795.413
2010-02-07,1058.0,676.471,773.675
2010-01-31,1078.5,672.423,775.397
2010-01-24,1084.0,673.669,768.086
2010-01-17,1128.0,692.875,784.969
2010-01-10,1126.75,704.395,786.837
2010-01-03,1087.5,682.974,760.702
2009-12-27,1085.25,680.408,759.022
2009-12-20,1104.5,682.253,769.365
2009-12-13,1124.0,692.545,768.074
2009-12-06,1190.25,717.45,796.953
2009-11-29,1166.5,709.119,781.313
2009-11-22,1140.0,691.035,768.298
2009-11-15,1104.0,663.541,744.236
2009-11-08,1096.75,661.29,735.679
2009-11-01,1040.0,629.616,704.607
2009-10-25,1061.75,649.786,707.456
2009-10-18,1047.5,641.143,704.344
2009-10-11,1051.5,660.573,712.881
2009-10-04,1003.5,630.735,684.414
2009-09-27,991.5,619.455,674.398
2009-09-20,1012.0,620.288,687.967
2009-09-13,1008.25,604.177,690.961
2009-09-06,989.0,605.931,695.597
2009-08-30,955.5,585.657,665.297
2009-08-23,952.5,574.072,663.578
2009-08-16,953.5,576.481,669.734
2009-08-09,956.0,571.497,670.407
2009-08-02,939.0,568.919,664.591
2009-07-26,951.5,579.441,669.222
2009-07-19,937.5,573.851,664.328
2009-07-12,913.0,563.789,654.762
2009-07-05,932.5,570.965,665.834
2009-06-28,942.0,571.394,669.272
2009-06-21,935.25,570.274,671.778
2009-06-14,937.25,572.891,672.201
2009-06-07,962.0,600.387,685.771
2009-05-31,975.5,605.6,691.06
2009-05-24,959.75,604.148,685.291
2009-05-17,929.5,609.109,683.858
2009-05-10,907.0,602.578,672.499
2009-05-03,884.5,594.822,666.541
2009-04-26,907.5,614.588,683.719
2009-04-19,870.5,586.195,666.488
2009-04-12,880.5,597.963,663.127
2009-04-05,905.0,610.085,674.668
2009-03-29,924.0,644.801,694.163
2009-03-22,954.0,661.26,703.332
2009-03-15,928.0,663.473,718.377
2009-03-08,936.0,655.922,737.356
2009-03-01,952.0,669.809,752.807
2009-02-22,989.0,690.353,782.437
2009-02-15,935.5,649.022,727.732
2009-02-08,913.0,621.511,709.126
2009-02-01,919.5,642.288,715.62
2009-01-25,875.75,641.012,682.42
2009-01-18,833.75,560.617,628.392
2009-01-11,847.25,559.167,626.479
2009-01-04,874.5,601.651,627.106
2008-12-28,843.5,569.855,603.621
2008-12-21,835.75,558.171,600.093
2008-12-14,826.5,551.073,617.113
2008-12-07,749.0,513.788,590.415
2008-11-30,814.5,532.214,640.33
2008-11-23,774.5,519.555,616.542
2008-11-16,747.5,506.265,588.258
2008-11-09,735.25,466.736,576.802
2008-11-02,730.75,452.617,574.399
2008-10-26,712.5,449.754,560.803
2008-10-19,784.5,453.023,582.232
2008-10-12,900.5,526.362,663.352
2008-10-05,828.0,469.202,602.489
2008-09-28,902.0,488.492,615.616
2008-09-21,869.0,476.504,604.312
2008-09-14,750.25,421.726,531.489
2008-09-07,808.5,456.367,565.622
2008-08-31,833.0,456.488,566.435
2008-08-24,824.0,443.297,555.78
2008-08-17,786.5,422.895,535.471
2008-08-10,852.5,445.123,567.766
2008-08-03,912.5,461.838,585.95
2008-07-27,920.5,462.54,587.166
2008-07-20,959.75,480.764,605.673
2008-07-13,962.75,483.357,605.884
2008-07-06,931.25,469.901,593.644
2008-06-29,919.5,462.618,584.069
2008-06-22,907.5,458.982,580.169
2008-06-15,866.0,445.313,564.5
2008-06-08,890.5,453.411,567.27
2008-06-01,885.75,449.095,570.568
2008-05-25,927.5,467.914,588.217
2008-05-18,897.0,460.071,578.225
2008-05-11,876.0,450.015,567.652
2008-05-04,853.5,432.656,554.329
2008-04-27,891.5,449.617,570.232
2008-04-20,908.75,455.788,577.644
2008-04-13,927.75,470.748,586.034
2008-04-06,905.5,453.544,575.176
2008-03-30,934.25,468.954,592.347
2008-03-23,925.75,467.669,600.746
2008-03-16,1003.5,493.048,642.322
2008-03-09,972.5,482.582,634.129
2008-03-02,971.5,488.854,640.071
2008-02-24,943.0,478.753,635.702
2008-02-17,912.5,464.566,620.875
2008-02-10,916.25,471.104,632.682
2008-02-03,914.75,464.293,617.032
2008-01-27,918.25,462.921,623.981
2008-01-20,882.0,450.184,602.13
2008-01-13,891.0,455.056,602.719
2008-01-06,855.0,433.131,579.151
2007-12-30,833.75,418.486,567.331
2007-12-23,810.5,408.704,563.434
2007-12-16,789.5,390.513,545.838
2007-12-09,792.5,390.664,541.066
2007-12-02,783.5,380.192,531.15
2007-11-25,815.25,397.063,550.696
2007-11-18,789.75,386.224,539.189
2007-11-11,831.5,396.992,566.958
2007-11-04,796.5,382.418,549.576
2007-10-28,779.15,380.166,542.395
2007-10-21,763.0,372.395,534.988
2007-10-14,749.5,368.631,528.561
2007-10-07,737.0,361.221,521.18
2007-09-30,743.0,365.398,522.982
2007-09-23,737.0,365.123,523.177
2007-09-16,716.35,355.95,516.177
2007-09-09,701.0,345.627,508.93
2007-09-02,672.0,333.697,492.596
2007-08-26,660.85,328.699,484.246
2007-08-19,657.5,330.818,487.326
2007-08-12,668.5,330.859,488.455
2007-08-05,670.5,328.967,487.885
2007-07-29,660.5,325.418,483.67
2007-07-22,681.6,331.986,493.484
2007-07-15,666.5,327.518,483.416
2007-07-08,648.75,322.761,476.567
2007-07-01,650.5,324.536,481.495
2007-06-24,652.85,326.654,485.066
2007-06-17,653.1,330.784,489.69
2007-06-10,655.25,333.172,490.567
2007-06-03,666.5,337.008,497.499
2007-05-27,655.3,330.01,486.597
2007-05-20,657.0,333.283,487.461
2007-05-13,669.0,337.606,495.189
2007-05-06,688.8,345.783,506.731
2007-04-29,677.5,338.327,495.974
2007-04-22,691.4,345.337,508.607
2007-04-15,681.75,343.174,503.359
2007-04-08,673.5,341.531,501.34
2007-04-01,661.75,338.283,496.706
2007-03-25,656.25,334.6,493.569
2007-03-18,653.2,335.646,490.464
2007-03-11,652.25,337.551,497.559
2007-03-04,651.9,335.202,494.838
2007-02-25,683.0,347.884,518.682
2007-02-18,665.1,341.252,507.052
2007-02-11,664.5,341.102,511.351
2007-02-04,645.7,328.1,497.764
2007-01-28,645.5,329.757,500.62
2007-01-21,629.0,318.885,486.428
2007-01-14,619.75,316.829,479.72
2007-01-07,609.5,315.574,468.558
2006-12-31,632.0,322.614,480.791
2006-12-24,620.5,316.824,471.755
2006-12-17,623.75,319.56,476.509
2006-12-10,637.4,323.307,477.274
2006-12-03,648.75,327.718,486.976
2006-11-26,639.5,331.056,488.69
2006-11-19,620.5,327.631,483.821
2006-11-12,629.3,328.857,489.499
2006-11-05,622.75,327.849,490.239
2006-10-29,596.25,313.965,468.198
2006-10-22,596.6,317.087,473.079
2006-10-15,586.1,315.906,468.618
2006-10-08,560.75,299.626,445.287
2006-10-01,599.25,321.279,473.154
2006-09-24,589.0,309.821,460.048
2006-09-17,573.6,305.643,453.726
2006-09-10,610.0,326.938,481.376
2006-09-03,621.05,326.868,485.651
2006-08-27,621.25,329.017,486.797
2006-08-20,613.9,326.022,478.143
2006-08-13,644.5,339.872,504.817
2006-08-06,652.25,341.278,505.307
2006-07-30,637.1,341.737,500.078
2006-07-23,634.0,341.025,499.803
2006-07-16,663.25,361.444,525.055
2006-07-09,631.5,340.964,492.359
2006-07-02,613.5,332.538,480.724
2006-06-25,579.6,318.427,462.681
2006-06-18,574.0,310.472,454.726
2006-06-11,616.0,333.749,486.418
2006-06-04,632.25,335.928,489.926
2006-05-28,642.25,345.909,504.636
2006-05-21,651.5,348.098,512.387
2006-05-14,725.0,382.424,561.711
2006-05-07,678.0,364.183,531.765
2006-04-30,644.0,355.35,512.127
2006-04-23,623.5,350.419,506.006
2006-04-16,593.0,338.586,490.407
2006-04-09,589.75,338.159,485.871
2006-04-02,582.0,334.771,480.119
2006-03-26,556.75,319.787,463.649
2006-03-19,552.75,315.461,454.751
2006-03-12,535.0,310.289,449.996
2006-03-05,565.0,322.029,469.854
2006-02-26,554.15,316.838,465.555
2006-02-19,551.7,317.251,463.224
2006-02-12,557.0,317.198,463.78
2006-02-05,569.0,322.562,474.167
2006-01-29,561.75,315.147,460.526
2006-01-22,567.25,321.152,468.802
2006-01-15,548.25,309.781,454.489
2006-01-08,535.25,302.572,440.173
2006-01-01,513.0,298.204,433.533
2005-12-25,500.0,286.977,420.698
2005-12-18,507.0,286.279,422.676
2005-12-11,525.5,299.396,444.322
2005-12-04,502.5,290.799,430.333
2005-11-27,495.9,288.347,422.078
2005-11-20,485.85,282.767,413.419
2005-11-13,466.75,268.124,398.932
2005-11-06,460.5,261.841,387.072
2005-10-30,470.75,264.244,388.247
2005-10-23,462.85,260.467,384.587
2005-10-16,466.0,265.255,387.784
2005-10-09,472.7,268.397,389.856
2005-10-02,473.25,268.039,393.13
2005-09-25,462.65,259.916,383.306
2005-09-18,457.2,253.577,374.294
2005-09-11,448.25,243.747,361.404
2005-09-04,443.6,241.231,353.213
2005-08-28,436.75,241.699,354.505
2005-08-21,439.65,244.999,361.257
2005-08-14,447.25,246.5,359.641
2005-08-07,438.25,246.846,354.83
2005-07-31,429.0,244.125,353.844
2005-07-24,425.0,243.777,350.487
2005-07-17,418.35,238.621,347.553
2005-07-10,424.4,243.349,354.109
2005-07-03,432.6,243.376,359.362
2005-06-26,440.55,241.795,364.694
2005-06-19,437.5,239.857,358.901
2005-06-12,422.55,232.234,347.692
2005-06-05,423.55,233.078,345.051
2005-05-29,418.25,229.581,333.639
2005-05-22,418.0,228.853,332.935
2005-05-15,420.0,226.598,332.542
2005-05-08,425.15,224.638,330.856
2005-05-01,435.7,227.996,336.812
2005-04-24,434.6,226.815,332.314
2005-04-17,424.6,224.739,329.607
2005-04-10,425.2,227.38,331.411
2005-04-03,427.15,225.528,328.451
2005-03-27,425.15,227.134,327.29
2005-03-20,437.15,228.229,329.055
2005-03-13,443.7,230.47,330.109
2005-03-06,433.45,225.638,327.949
2005-02-27,434.25,226.916,329.152
2005-02-20,427.1,225.502,326.904
2005-02-13,418.85,224.693,325.675
2005-02-06,415.9,220.625,320.861
2005-01-30,426.8,226.251,327.1
2005-01-23,423.3,226.364,325.415
2005-01-16,422.5,225.779,322.224
2005-01-09,422.2,224.467,320.455
2005-01-02,435.6,226.851,320.247
2004-12-26,441.1,229.68,327.056
2004-12-19,438.9,226.529,330.298
2004-12-12,434.0,226.987,328.663
2004-12-05,448.65,232.052,336.118
2004-11-28,451.0,238.221,340.121
2004-11-21,445.6,240.022,341.718
2004-11-14,436.05,235.83,337.709
2004-11-07,431.0,233.541,333.979
2004-10-31,425.55,232.351,334.184
2004-10-24,422.8,231.671,334.971
2004-10-17,420.4,233.167,337.048
2004-10-10,421.75,235.115,339.984
2004-10-03,418.1,232.795,337.042
2004-09-26,407.85,225.893,331.316
2004-09-19,405.7,226.269,333.114
2004-09-12,401.35,223.158,326.619
2004-09-05,401.15,225.277,332.078
2004-08-29,405.1,225.733,337.292
2004-08-22,410.55,225.45,333.401
2004-08-15,396.75,215.918,322.037
2004-08-08,399.0,216.471,325.847
2004-08-01,391.4,214.878,323.792
2004-07-25,391.5,213.084,321.613
2004-07-18,406.3,216.809,326.241
2004-07-11,406.5,219.516,328.379
2004-07-04,397.75,217.373,323.374
2004-06-27,401.5,220.386,330.317
2004-06-20,395.1,214.962,326.125
2004-06-13,384.85,211.363,320.228
2004-06-06,388.3,211.239,317.628
2004-05-30,393.25,214.223,321.677
2004-05-23,385.3,215.131,320.256
2004-05-16,376.5,213.617,316.786
2004-05-09,380.8,212.714,318.821
2004-05-02,388.5,218.688,324.426
2004-04-25,394.5,223.184,333.277
2004-04-18,400.85,222.942,333.903
2004-04-11,419.5,228.673,347.354
2004-04-04,419.0,228.862,343.922
2004-03-28,421.5,231.657,346.343
2004-03-21,412.0,224.462,333.468
2004-03-14,398.0,221.641,325.403
2004-03-07,399.25,216.103,321.509
2004-02-29,395.85,213.109,317.875
2004-02-22,405.25,216.076,320.787
2004-02-15,416.0,219.479,323.484
2004-02-08,404.25,218.809,318.182
2004-02-01,399.75,220.03,322.327
2004-01-25,409.0,222.949,322.301
2004-01-18,408.4,226.11,328.481
2004-01-11,423.35,229.707,330.226
2004-01-04,415.25,232.048,329.433
2003-12-28,409.25,232.067,330.04
2003-12-21,409.75,231.825,330.177
2003-12-14,407.1,232.961,332.191
2003-12-07,402.4,233.275,331.958
2003-11-30,398.35,231.196,331.82
2003-11-23,395.5,231.734,331.656
2003-11-16,396.7,234.914,336.557
2003-11-09,378.95,227.666,331.83
2003-11-02,386.25,227.943,332.315
2003-10-26,388.25,228.584,328.385
2003-10-19,370.5,221.458,318.984
2003-10-12,372.3,223.135,315.375
2003-10-05,384.25,230.435,329.687
2003-09-28,382.7,230.195,333.072
2003-09-21,379.75,233.104,335.616
2003-09-14,378.25,235.773,334.794
2003-09-07,375.8,236.829,340.46
2003-08-31,375.6,237.767,342.451
2003-08-24,358.75,228.285,330.493
2003-08-17,364.5,228.126,323.511
2003-08-10,353.95,219.64,312.125
2003-08-03,352.35,219.041,313.758
2003-07-27,363.0,224.143,314.613
2003-07-20,344.35,216.982,307.813
2003-07-13,343.7,210.304,303.971
2003-07-06,351.3,210.511,306.197
2003-06-29,345.5,209.394,301.984
2003-06-22,358.0,214.115,307.29
2003-06-15,353.05,211.597,299.271
2003-06-08,363.0,218.267,310.018
2003-06-01,361.4,220.5,307.182
2003-05-25,370.5,226.26,314.219
2003-05-18,355.0,217.992,307.546
2003-05-11,347.9,216.895,303.128
2003-05-04,340.5,211.951,303.341
2003-04-27,333.25,209.789,303.368
2003-04-20,327.0,206.962,298.985
2003-04-13,324.8,207.011,302.421
2003-04-06,323.8,207.205,302.25
2003-03-30,330.75,210.803,307.103
2003-03-23,333.5,212.718,315.814
2003-03-16,335.2,210.884,311.466
2003-03-09,350.75,218.808,317.795
2003-03-02,347.45,220.673,322.459
2003-02-23,352.3,220.947,325.872
2003-02-16,354.25,219.418,328.222
2003-02-09,373.25,228.567,344.645
2003-02-02,367.5,223.269,341.543
2003-01-26,366.0,224.609,338.826
2003-01-19,357.0,220.848,334.897
2003-01-12,353.0,219.323,334.439
2003-01-05,344.5,215.447,331.569
2002-12-29,349.3,218.108,336.351
2002-12-22,341.6,213.034,332.716
2002-12-15,332.2,209.102,324.604
2002-12-08,325.75,206.76,323.165
2002-12-01,319.05,205.085,320.976
2002-11-24,317.7,200.632,317.256
2002-11-17,319.1,202.629,318.082
2002-11-10,321.7,202.863,318.578
2002-11-03,319.85,204.534,320.33
2002-10-27,313.0,201.351,320.664
2002-10-20,312.75,201.865,321.165
2002-10-13,316.85,203.109,321.577
2002-10-06,320.3,204.312,326.105
2002-09-29,320.05,205.754,327.584
2002-09-22,322.3,207.775,328.609
2002-09-15,318.8,203.836,324.313
2002-09-08,319.25,204.385,323.783
2002-09-01,312.8,201.937,318.566
2002-08-25,305.95,201.283,314.925
2002-08-18,314.2,204.757,319.471
2002-08-11,312.95,205.469,322.962
2002-08-04,305.05,194.733,309.758
2002-07-28,304.95,193.952,307.409
2002-07-21,322.9,204.484,318.41
2002-07-14,316.7,204.072,319.738
2002-07-07,311.3,204.803,319.708
2002-06-30,318.5,208.238,321.393
2002-06-23,322.7,215.636,334.093
2002-06-16,322.1,217.9,339.053
2002-06-09,326.4,223.256,344.849
2002-06-02,326.6,223.469,349.118
2002-05-26,320.95,220.433,348.291
2002-05-19,310.6,212.959,338.898
2002-05-12,311.15,212.752,340.912
2002-05-05,310.45,211.406,340.219
2002-04-28,306.6,210.649,341.349
2002-04-21,301.8,208.584,339.597
2002-04-14,300.35,208.968,341.851
2002-04-07,301.0,209.683,342.24
2002-03-31,301.4,211.732,345.444
2002-03-24,294.25,206.274,334.489
2002-03-17,290.3,203.605,327.726
2002-03-10,289.15,203.126,329.892
2002-03-03,295.4,207.94,340.676
2002-02-24,292.75,204.577,334.38
2002-02-17,299.85,209.173,343.274
2002-02-10,304.3,214.492,348.369
2002-02-03,283.9,200.806,329.465
2002-01-27,279.0,197.732,322.917
2002-01-20,283.2,197.655,321.818
2002-01-13,285.75,197.682,320.276
2002-01-06,277.75,192.574,309.989
2001-12-30,276.5,191.23,314.24
2001-12-23,277.5,192.374,311.728
2001-12-16,277.05,190.832,306.811
2001-12-09,274.1,191.344,307.459
2001-12-02,275.5,193.198,307.649
2001-11-25,273.1,193.277,310.765
2001-11-18,274.5,192.052,310.24
2001-11-11,277.15,190.089,310.185
2001-11-04,279.9,191.189,309.795
2001-10-28,277.25,193.543,310.958
2001-10-21,279.15,194.029,310.512
2001-10-14,281.8,194.385,311.898
2001-10-07,291.2,197.023,317.384
2001-09-30,293.1,199.932,321.205
2001-09-23,292.5,200.48,319.045
2001-09-16,285.75,193.926,310.801
2001-09-09,273.6,187.372,303.73
2001-09-02,273.0,187.835,299.276
2001-08-26,272.8,188.724,298.534
2001-08-19,277.45,192.58,303.722
2001-08-12,275.8,193.435,308.329
2001-08-05,267.85,187.504,302.484
2001-07-29,266.15,186.497,303.305
2001-07-22,269.7,188.338,307.877
2001-07-15,266.35,190.318,312.801
2001-07-08,265.1,189.02,315.595
2001-07-01,270.6,192.529,319.367
2001-06-24,273.3,193.665,319.839
2001-06-17,272.2,193.42,315.411
2001-06-10,267.0,193.534,314.858
2001-06-03,265.4,187.694,313.712
2001-05-27,276.25,194.474,321.82
2001-05-20,273.0,190.976,311.288
2001-05-13,269.05,189.739,307.135
2001-05-06,266.6,185.165,297.279
2001-04-29,264.6,184.519,296.437
2001-04-22,263.85,183.102,293.167
2001-04-15,259.25,180.411,291.063
2001-04-08,258.8,180.474,287.715
2001-04-01,257.7,180.627,291.252
2001-03-25,262.85,184.069,294.411
2001-03-18,260.7,182.028,290.862
2001-03-11,269.8,183.775,289.175
2001-03-04,263.1,178.433,280.73
2001-02-25,260.45,179.869,286.681
2001-02-18,257.45,177.063,280.967
2001-02-11,259.9,179.911,281.125
2001-02-04,266.7,181.244,285.454
2001-01-28,263.55,180.576,285.846
2001-01-21,264.9,179.91,281.958
2001-01-14,263.7,177.695,277.667
2001-01-07,267.4,178.148,280.882
2000-12-31,274.45,184.244,295.584
2000-12-24,273.1,185.467,298.895
2000-12-17,270.35,183.5,301.091
2000-12-10,272.95,188.436,307.203
2000-12-03,269.2,188.002,308.716
2000-11-26,265.55,189.004,316.244
2000-11-19,265.25,186.467,311.509
2000-11-12,264.85,185.042,306.539
2000-11-05,264.65,183.301,306.663
2000-10-29,263.8,183.513,315.475
2000-10-22,270.45,187.124,322.156
2000-10-15,273.25,186.812,317.069
2000-10-08,270.0,186.528,310.167
2000-10-01,273.65,185.803,311.143
2000-09-24,273.95,187.701,310.425
2000-09-17,272.6,193.814,316.388
2000-09-10,272.75,191.875,314.591
2000-09-03,277.0,189.856,307.539
2000-08-27,273.65,185.5,302.878
2000-08-20,275.6,184.496,303.224
2000-08-13,272.7,181.208,300.099
2000-08-06,273.95,182.208,301.873
2000-07-30,278.1,185.153,300.811
2000-07-23,279.3,184.356,298.587
2000-07-16,280.25,186.833,299.572
2000-07-09,282.85,186.737,297.831
2000-07-02,288.15,190.248,300.72
2000-06-25,285.8,190.14,303.494
2000-06-18,290.1,191.485,302.03
2000-06-11,284.4,188.744,299.842
2000-06-04,281.6,186.305,296.733
2000-05-28,271.3,184.094,296.568
2000-05-21,273.15,184.001,306.738
2000-05-14,276.65,182.246,304.882
2000-05-07,280.75,182.959,313.092
2000-04-30,275.05,175.583,302.253
2000-04-23,279.85,177.064,298.666
2000-04-16,282.0,177.47,293.995
2000-04-09,280.15,177.142,292.646
2000-04-02,276.75,173.337,288.943
2000-03-26,284.85,179.185,293.267
2000-03-19,283.9,180.483,293.315
2000-03-12,290.25,183.523,301.277
2000-03-05,288.5,182.745,300.803
2000-02-27,294.0,184.291,299.328
2000-02-20,303.55,189.98,308.58
2000-02-13,311.5,194.907,316.984
2000-02-06,293.65,184.767,299.551
2000-01-30,286.75,176.527,291.235
2000-01-23,287.75,174.341,285.693
2000-01-16,283.3,172.439,277.881
2000-01-09,282.1,172.065,274.017
2000-01-02,290.25,179.61,289.094
1999-12-26,287.3,177.807,282.887
1999-12-19,284.15,176.162,280.227
1999-12-12,280.65,172.825,276.611
1999-12-05,282.75,176.608,282.468
1999-11-28,296.85,185.103,294.056
1999-11-21,293.75,181.664,285.277
1999-11-14,291.25,180.408,282.219
1999-11-07,289.7,178.662,278.424
1999-10-31,299.1,182.601,285.401
1999-10-24,302.4,181.186,282.09
1999-10-17,315.75,189.242,290.265
1999-10-10,323.25,195.435,302.952
1999-10-03,307.5,186.194,287.168
1999-09-26,270.0,164.434,258.003
1999-09-19,255.1,157.518,245.406
1999-09-12,256.0,157.733,244.508
1999-09-05,254.4,158.554,239.887
1999-08-29,253.8,159.824,242.291
1999-08-22,258.25,159.611,242.261
1999-08-15,260.45,162.092,246.009
1999-08-08,255.75,158.31,237.796
1999-08-01,255.6,157.826,239.147
1999-07-25,255.3,161.633,243.143
1999-07-18,255.65,163.146,249.976
1999-07-11,257.3,165.786,251.884
1999-07-04,263.1,166.942,257.21
1999-06-27,260.7,164.22,249.904
1999-06-20,258.95,162.402,248.751
1999-06-13,259.7,161.395,247.64
1999-06-06,265.3,165.162,257.673
1999-05-30,268.6,167.718,256.665
1999-05-23,273.3,170.525,258.831
1999-05-16,276.0,170.087,257.703
1999-05-09,282.4,172.827,261.24
1999-05-02,286.6,177.847,270.633
1999-04-25,283.3,174.985,265.61
1999-04-18,284.2,176.27,265.98
1999-04-11,280.6,174.665,259.94
1999-04-04,280.55,175.016,260.057
1999-03-28,279.8,172.556,260.279
1999-03-21,283.7,174.231,259.68
1999-03-14,292.5,179.525,267.735
1999-03-07,287.9,179.042,266.18
1999-02-28,287.05,179.518,261.263
1999-02-21,286.35,175.567,257.347
1999-02-14,289.15,177.829,256.977
1999-02-07,289.4,176.517,256.45
1999-01-31,285.4,173.707,250.901
1999-01-24,287.0,173.466,247.841
1999-01-17,285.95,172.832,245.978
1999-01-10,290.9,177.324,250.992
1999-01-03,287.8,172.181,
1998-12-27,285.8,170.434,
1998-12-20,291.6,173.283,
1998-12-13,290.8,172.889,
1998-12-06,292.3,175.724,
1998-11-29,296.15,178.813,
1998-11-22,295.6,178.654,
1998-11-15,297.1,178.55,
1998-11-08,293.3,176.41,
1998-11-01,292.3,174.247,
1998-10-25,292.25,172.47,
1998-10-18,297.95,175.213,
1998-10-11,298.7,174.576,
1998-10-04,300.8,176.236,
1998-09-27,298.1,175.013,
1998-09-20,290.1,172.422,
1998-09-13,293.35,174.188,
1998-09-06,285.0,170.353,
1998-08-30,273.4,165.316,
1998-08-23,283.5,173.575,
1998-08-16,284.4,175.102,
1998-08-09,285.7,174.772,
1998-08-02,288.85,176.88,
1998-07-26,294.6,177.74,
1998-07-19,293.8,179.05,
1998-07-12,290.6,178.01,
1998-07-05,294.6,178.73,
1998-06-28,293.65,176.03,
1998-06-21,297.75,177.9,
1998-06-14,288.15,176.56,
1998-06-07,290.7,177.74,
1998-05-31,293.6,180.07,
1998-05-24,299.8,183.58,
1998-05-17,300.9,184.64,
1998-05-10,300.4,183.53,
1998-05-03,306.9,184.44,
1998-04-26,313.15,187.93,
1998-04-19,308.45,182.81,
1998-04-12,307.65,183.49,
1998-04-05,306.0,183.73,
1998-03-29,301.95,179.37,
1998-03-22,292.4,175.83,
1998-03-15,294.55,177.07,
1998-03-08,294.9,180.09,
1998-03-01,297.4,180.52,
1998-02-22,296.7,181.17,
1998-02-15,299.15,182.77,
1998-02-08,299.1,180.94,
1998-02-01,304.85,185.81,
1998-01-25,291.0,175.67,
1998-01-18,290.0,177.1,
1998-01-11,278.7,172.34,
1998-01-04,288.0,175.27,
1997-12-28,292.5,175.15,
1997-12-21,288.9,173.22,
1997-12-14,283.0,171.18,
1997-12-07,287.4,173.89,
1997-11-30,296.8,176.53,
1997-11-23,303.9,179.73,
1997-11-16,301.75,178.08,
1997-11-09,308.7,182.34,
1997-11-02,311.4,186.08,
1997-10-26,316.65,193.69,
1997-10-19,324.3,200.45,
1997-10-12,328.9,202.77,
1997-10-05,331.7,206.35,
1997-09-28,326.65,203.18,
1997-09-21,322.05,199.98,
1997-09-14,323.35,201.97,
1997-09-07,321.25,202.84,
1997-08-31,325.35,200.71,
1997-08-24,324.0,201.93,
1997-08-17,324.65,201.82,
1997-08-10,323.7,205.52,
1997-08-03,324.1,198.19,
1997-07-27,324.1,194.77,
1997-07-20,324.2,193.7,
1997-07-13,319.5,188.52,
1997-07-06,324.45,192.27,
1997-06-29,336.55,202.01,
1997-06-22,338.2,204.5,
1997-06-15,341.4,208.45,
1997-06-08,344.0,211.86,
1997-06-01,345.6,210.67,
1997-05-25,342.55,210.35,
1997-05-18,344.5,210.77,
1997-05-11,345.85,213.83,
1997-05-04,339.65,210.49,
1997-04-27,342.25,210.59,
1997-04-20,342.1,209.54,
1997-04-13,347.95,213.99,
1997-04-06,347.4,211.98,
1997-03-30,348.15,214.05,
1997-03-23,352.8,219.84,
1997-03-16,352.8,220.97,
1997-03-09,350.3,218.05,
1997-03-02,358.6,220.27,
1997-02-23,353.3,218.4,
1997-02-16,342.4,210.81,
1997-02-09,339.75,208.81,
1997-02-02,345.5,216.07,
1997-01-26,352.5,216.38,
1997-01-19,355.75,213.28,
1997-01-12,358.25,213.18,
1997-01-05,364.0,215.04,
1996-12-29,369.4,218.58,
1996-12-22,369.0,221.68,
1996-12-15,369.0,222.01,
1996-12-08,370.25,224.73,
1996-12-01,371.3,220.78,
1996-11-24,377.0,224.22,
1996-11-17,379.25,227.87,
1996-11-10,378.15,229.81,
1996-11-03,377.6,230.74,
1996-10-27,382.55,239.05,
1996-10-20,380.0,238.56,
1996-10-13,380.75,241.72,
1996-10-06,380.7,243.23,
1996-09-29,380.7,243.41,
1996-09-22,381.75,245.47,
1996-09-15,382.8,246.16,
1996-09-08,385.4,246.4,
1996-09-01,386.45,247.65,
1996-08-25,387.5,249.24,
1996-08-18,386.2,249.18,
1996-08-11,387.5,249.92,
1996-08-04,386.35,250.23,
1996-07-28,385.2,247.85,
1996-07-21,384.5,248.69,
1996-07-14,383.6,246.82,
1996-07-07,381.5,244.96,
1996-06-30,382.0,246.34,
1996-06-23,383.2,248.75,
1996-06-16,384.1,249.89,
1996-06-09,386.6,250.31,
1996-06-02,390.55,252.96,
1996-05-26,390.85,258.45,
1996-05-19,391.95,258.66,
1996-05-12,393.2,257.95,
1996-05-05,394.0,261.57,
1996-04-28,391.9,259.67,
1996-04-21,390.9,257.56,
1996-04-14,394.75,260.94,
1996-04-07,393.75,257.86,
1996-03-31,396.35,259.39,
1996-03-24,397.7,259.12,
1996-03-17,395.7,258.68,
1996-03-10,396.8,259.77,
1996-03-03,398.35,260.7,
1996-02-25,398.25,258.82,
1996-02-18,404.85,261.62,
1996-02-11,408.0,266.27,
1996-02-04,414.5,273.06,
1996-01-28,406.5,271.27,
1996-01-21,399.1,264.31,
1996-01-14,399.6,258.42,
1996-01-07,395.9,254.86,
1995-12-31,387.0,248.64,
1995-12-24,388.05,252.11,
1995-12-17,386.2,250.84,
1995-12-10,388.8,255.05,
1995-12-03,386.2,252.14,
1995-11-26,383.45,245.49,
1995-11-19,386.35,248.54,
1995-11-12,389.4,246.99,
1995-11-05,382.55,242.3,
1995-10-29,382.6,241.95,
1995-10-22,381.75,242.34,
1995-10-15,383.8,244.26,
1995-10-08,383.05,241.98,
1995-10-01,384.0,242.9,
1995-09-24,383.5,242.89,
1995-09-17,385.0,248.87,
1995-09-10,382.4,247.03,
1995-09-03,381.5,245.58,
1995-08-27,383.1,248.23,
1995-08-20,384.5,248.71,
1995-08-13,383.55,242.42,
1995-08-06,384.0,238.81,
1995-07-30,383.0,239.03,
1995-07-23,385.95,242.02,
1995-07-16,388.4,243.89,
1995-07-09,385.75,242.39,
1995-07-02,387.05,243.32,
1995-06-25,389.2,243.33,
1995-06-18,391.3,243.23,
1995-06-11,386.4,242.18,
1995-06-04,384.15,241.22,
1995-05-28,385.5,239.78,
1995-05-21,383.0,243.07,
1995-05-14,384.6,245.44,
1995-05-07,391.0,243.84,
1995-04-30,389.75,242.16,
1995-04-23,390.35,243.1,
1995-04-16,389.2,242.76,
1995-04-09,393.1,244.65,
1995-04-02,392.0,242.57,
1995-03-26,382.1,239.41,
1995-03-19,382.65,241.73,
1995-03-12,381.4,240.36,
1995-03-05,377.25,232.73,
1995-02-26,377.75,238.48,
1995-02-19,378.25,239.46,
1995-02-12,376.4,241.25,
1995-02-05,375.65,240.03,
1995-01-29,378.4,238.02,
1995-01-22,383.85,241.77,
1995-01-15,378.6,241.42,
1995-01-08,375.2,240.68,
1995-01-01,383.25,245.53,
1994-12-25,381.55,246.53,
1994-12-18,380.35,243.27,
1994-12-11,376.5,241.58,
1994-12-04,379.0,242.98,
1994-11-27,384.85,246.02,
1994-11-20,384.0,244.62,
1994-11-13,385.3,240.84,
1994-11-06,383.8,238.58,
1994-10-30,387.7,238.57,
1994-10-23,390.95,239.77,
1994-10-16,387.45,243.18,
1994-10-09,392.0,246.31,
1994-10-02,394.85,249.87,
1994-09-25,395.7,250.73,
1994-09-18,390.0,247.07,
1994-09-11,390.75,251.85,
1994-09-04,386.7,250.32,
1994-08-28,383.3,248.36,
1994-08-21,381.8,246.67,
1994-08-14,378.2,244.79,
1994-08-07,378.3,245.38,
1994-07-31,384.0,249.63,
1994-07-24,384.0,251.97,
1994-07-17,384.9,246.7,
1994-07-10,383.15,248.94,
1994-07-03,384.6,249.85,
1994-06-26,389.9,253.26,
1994-06-19,387.85,255.37,
1994-06-12,383.05,253.84,
1994-06-05,382.95,254.03,
1994-05-29,385.4,255.79,
1994-05-22,383.15,253.34,
1994-05-15,381.65,254.48,
1994-05-08,373.4,250.1,
1994-05-01,376.45,247.5,
1994-04-24,369.65,248.2,
1994-04-17,377.0,255.63,
1994-04-10,385.45,261.32,
1994-04-03,389.2,262.35,
1994-03-27,391.3,260.87,
1994-03-20,386.55,259.69,
1994-03-13,386.65,257.51,
1994-03-06,375.95,251.69,
1994-02-27,378.95,254.59,
1994-02-20,379.95,257.11,
1994-02-13,381.85,261.01,
1994-02-06,388.5,259.83,
1994-01-30,378.25,251.36,
1994-01-23,386.0,257.8,
1994-01-16,390.1,261.69,
1994-01-09,390.5,262.35,
1994-01-02,391.75,265.23,
1993-12-26,384.95,256.34,
1993-12-19,386.5,259.34,
1993-12-12,382.3,255.5,
1993-12-05,376.75,253.74,
1993-11-28,376.85,254.46,
1993-11-21,377.5,256.35,
1993-11-14,376.75,254.3,
1993-11-07,377.75,255.89,
1993-10-31,369.6,248.25,
1993-10-24,367.9,248.58,
1993-10-17,364.6,241.14,
1993-10-10,358.5,233.78,
1993-10-03,354.0,237.03,
1993-09-26,357.6,238.72,
1993-09-19,351.85,229.37,
1993-09-12,351.5,226.77,
1993-09-05,362.8,240.03,
1993-08-29,369.25,245.68,
1993-08-22,373.25,247.18,
1993-08-15,367.6,251.01,
1993-08-08,379.4,253.98,
1993-08-01,401.75,271.27,
1993-07-25,391.3,260.75,
1993-07-18,392.0,265.01,
1993-07-11,393.1,265.7,
1993-07-04,388.1,256.63,
1993-06-27,376.1,253.95,
1993-06-20,370.9,247.27,
1993-06-13,370.35,242.3,
1993-06-06,377.6,247.61,
1993-05-30,377.45,241.65,
1993-05-23,373.25,240.57,
1993-05-16,368.2,239.84,
1993-05-09,357.5,225.92,
1993-05-02,354.3,225.02,
1993-04-25,344.9,218.98,
1993-04-18,337.85,221.32,
1993-04-11,337.5,220.92,
1993-04-04,340.1,222.1,
1993-03-28,332.7,223.18,
1993-03-21,331.65,222.36,
1993-03-14,327.0,228.19,
1993-03-07,329.75,227.13,
1993-02-28,327.6,230.3,
1993-02-21,330.8,227.48,
1993-02-14,329.2,231.31,
1993-02-07,327.75,225.88,
1993-01-31,330.45,221.48,
1993-01-24,328.75,216.84,
1993-01-17,327.7,213.11,
1993-01-10,329.1,214.43,
1993-01-03,332.9,219.74,
1992-12-27,333.0,217.22,
1992-12-20,337.0,215.2,
1992-12-13,335.1,215.36,
1992-12-06,335.6,215.06,
1992-11-29,334.05,221.15,
1992-11-22,336.1,219.96,
1992-11-15,334.4,216.44,
1992-11-08,337.1,218.33,
1992-11-01,339.25,216.64,
1992-10-25,342.5,211.75,
1992-10-18,341.75,204.4,
1992-10-11,350.1,205.34,
1992-10-04,348.0,203.39,
1992-09-27,349.7,205.16,
1992-09-20,347.2,199.14,
1992-09-13,340.0,175.42,
1992-09-06,342.05,171.28,
1992-08-30,340.0,171.44,
1992-08-23,336.9,174.65,
1992-08-16,335.7,174.8,
1992-08-09,349.9,181.77,
1992-08-02,357.85,186.58,
1992-07-26,357.6,187.81,
1992-07-19,356.7,182.88,
1992-07-12,348.7,182.57,
1992-07-05,345.7,181.38,
1992-06-28,343.5,181.65,
1992-06-21,343.55,184.8,
1992-06-14,339.6,183.05,
1992-06-07,338.8,184.68,
1992-05-31,337.5,184.6,
1992-05-24,337.7,186.16,
1992-05-17,339.0,186.16,
1992-05-10,336.9,188.16,
1992-05-03,337.5,189.5,
1992-04-26,336.55,189.71,
1992-04-19,336.7,192.84,
1992-04-12,341.9,192.8,
1992-04-05,340.6,195.69,
1992-03-29,340.5,196.54,
1992-03-22,338.8,198.57,
1992-03-15,347.25,203.17,
1992-03-08,349.4,203.85,
1992-03-01,353.1,200.43,
1992-02-23,351.6,201.38,
1992-02-16,354.1,200.23,
1992-02-09,356.2,194.06,
1992-02-02,354.1,198.15,
1992-01-26,353.25,198.34,
1992-01-19,355.9,201.02,
1992-01-12,357.9,197.79,
1992-01-05,353.0,190.28,
1991-12-29,353.3,188.08,
1991-12-22,358.3,192.95,
1991-12-15,359.05,197.5,
1991-12-08,367.75,202.95,
1991-12-01,366.3,207.89,
1991-11-24,367.95,204.6,
1991-11-17,355.5,200.96,
1991-11-10,352.9,200.06,
1991-11-03,357.75,204.6,
1991-10-27,362.0,211.6,
1991-10-20,359.6,208.95,
1991-10-13,357.75,208.72,
1991-10-06,356.3,204.48,
1991-09-29,348.45,201.44,
1991-09-22,348.6,201.8,
1991-09-15,344.25,198.67,
1991-09-08,348.05,205.58,
1991-09-01,347.4,207.16,
1991-08-25,353.7,211.04,
1991-08-18,357.75,215.16,
1991-08-11,358.2,210.77,
1991-08-04,357.8,211.57,
1991-07-28,364.1,214.94,
1991-07-21,370.0,219.98,
1991-07-14,367.85,224.09,
1991-07-07,369.9,229.4,
1991-06-30,368.35,226.68,
1991-06-23,366.25,224.58,
1991-06-16,367.75,224.1,
1991-06-09,367.0,219.04,
1991-06-02,360.4,210.51,
1991-05-26,355.8,205.34,
1991-05-19,355.1,204.2,
1991-05-12,356.7,206.72,
1991-05-05,355.5,208.75,
1991-04-28,353.25,209.52,
1991-04-21,356.15,205.12,
1991-04-14,361.95,202.55,
1991-04-07,358.5,199.28,
1991-03-31,355.65,204.93,
1991-03-24,362.75,202.88,
1991-03-17,366.0,198.62,
1991-03-10,368.5,196.3,
1991-03-03,366.9,192.72,
1991-02-24,358.8,183.23,
1991-02-17,365.5,185.06,
1991-02-10,370.0,186.07,
1991-02-03,364.5,184.56,
1991-01-27,374.25,191.14,
1991-01-20,378.25,196.04,
1991-01-13,390.6,205.13,
1991-01-06,387.4,199.85,
1990-12-30,386.2,201.41,
1990-12-23,383.75,203.85,
1990-12-16,373.2,192.22,
1990-12-09,370.8,190.5,
1990-12-02,384.85,198.02,
1990-11-25,383.6,194.96,
1990-11-18,376.3,191.31,
1990-11-11,385.7,196.16,
1990-11-04,377.5,193.57,
1990-10-28,373.7,191.1,
1990-10-21,372.0,190.23,
1990-10-14,388.25,196.41,
1990-10-07,395.6,206.2,
1990-09-30,408.4,218.1,
1990-09-23,389.3,210.04,
1990-09-16,386.2,204.34,
1990-09-09,384.6,203.44,
1990-09-02,387.75,204.94,
1990-08-26,410.3,209.98,
1990-08-19,410.6,214.53,
1990-08-12,389.35,208.45,
1990-08-05,379.0,203.98,
1990-07-29,366.75,200.01,
1990-07-22,361.0,199.0,
1990-07-15,363.6,201.94,
1990-07-08,361.15,202.21,
1990-07-01,352.2,201.66,
1990-06-24,348.4,201.56,
1990-06-17,346.9,203.46,
1990-06-10,353.5,210.04,
1990-06-03,363.45,215.25,
1990-05-27,366.5,216.8,
1990-05-20,369.9,218.68,
1990-05-13,368.55,219.18,
1990-05-06,371.3,223.81,
1990-04-29,371.6,227.38,
1990-04-22,376.0,228.96,
1990-04-15,375.5,228.46,
1990-04-08,377.7,230.59,
1990-04-01,368.5,224.33,
1990-03-25,393.5,245.36,
1990-03-18,400.65,246.71,
1990-03-11,399.3,246.18,
1990-03-04,405.05,244.15,
1990-02-25,415.85,243.52,
1990-02-18,416.5,246.09,
1990-02-11,415.5,245.97,
1990-02-04,417.95,248.63,
1990-01-28,418.0,251.43,
1990-01-21,408.65,248.72,
1990-01-14,416.25,249.48,
1990-01-07,405.0,247.4,
1989-12-31,398.6,247.81,
1989-12-24,413.0,256.16,
1989-12-17,412.75,256.69,
1989-12-10,409.35,258.76,
1989-12-03,413.85,264.41,
1989-11-26,415.8,265.81,
1989-11-19,392.0,249.92,
1989-11-12,385.35,243.89,
1989-11-05,380.5,242.36,
1989-10-29,372.6,236.05,
1989-10-22,365.65,230.07,
1989-10-15,363.2,232.82,
1989-10-08,363.0,225.65,
1989-10-01,366.5,226.1,
1989-09-24,364.9,231.87,
1989-09-17,355.75,230.93,
1989-09-10,359.6,232.2,
1989-09-03,359.4,229.39,
1989-08-27,360.45,229.37,
1989-08-20,366.25,234.13,
1989-08-13,361.9,227.07,
1989-08-06,370.5,228.85,
1989-07-30,369.7,223.93,
1989-07-23,372.4,228.54,
1989-07-16,370.8,229.31,
1989-07-09,383.55,236.03,
1989-07-02,373.0,240.26,
1989-06-25,370.0,236.65,
1989-06-18,365.35,236.93,
1989-06-11,368.25,237.35,
1989-06-04,361.5,228.05,
1989-05-28,365.8,227.84,
1989-05-21,365.5,225.76,
1989-05-14,377.3,225.19,
1989-05-07,375.7,223.37,
1989-04-30,377.55,224.09,
1989-04-23,384.0,223.69,
1989-04-16,386.2,227.38,
1989-04-09,382.25,224.66,
1989-04-02,383.2,227.01,
1989-03-26,394.9,228.8,
1989-03-19,394.3,229.78,
1989-03-12,393.5,229.25,
1989-03-05,386.4,224.1,
1989-02-26,388.4,221.37,
1989-02-19,380.4,214.17,
1989-02-12,389.6,221.36,
1989-02-05,390.0,223.82,
1989-01-29,399.75,226.04,
1989-01-22,405.5,229.42,
1989-01-15,405.55,228.07,
1989-01-08,406.35,228.42,
1989-01-01,410.25,229.0,
1988-12-25,417.25,231.93,
1988-12-18,411.75,226.11,
1988-12-11,419.75,227.14,
1988-12-04,424.25,227.85,
1988-11-27,424.1,229.99,
1988-11-20,417.75,230.23,
1988-11-13,420.3,231.72,
1988-11-06,421.0,237.85,
1988-10-30,411.5,232.62,
1988-10-23,410.25,233.16,
1988-10-16,407.6,232.58,
1988-10-09,403.9,237.73,
1988-10-02,396.7,235.25,
1988-09-25,400.35,239.73,
1988-09-18,415.15,247.85,
1988-09-11,429.4,252.78,
1988-09-04,428.75,256.74,
1988-08-28,433.15,256.38,
1988-08-21,432.6,254.55,
1988-08-14,433.25,252.92,
1988-08-07,432.85,254.92,
1988-07-31,436.8,255.07,
1988-07-24,442.2,254.72,
1988-07-17,439.1,264.12,
1988-07-10,439.4,257.79,
1988-07-03,436.85,256.64,
1988-06-26,443.25,254.38,
1988-06-19,450.25,252.31,
1988-06-12,457.6,251.75,
1988-06-05,464.7,258.45,
1988-05-29,452.0,243.27,
1988-05-22,454.9,244.01,
1988-05-15,449.5,237.58,
1988-05-08,442.8,237.68,
1988-05-01,449.0,238.45,
1988-04-24,448.6,237.67,
1988-04-17,456.3,241.71,
1988-04-10,449.4,240.17,
1988-04-03,456.95,242.44,
1988-03-27,451.8,246.15,
1988-03-20,442.85,242.79,
1988-03-13,441.8,238.49,
1988-03-06,431.8,243.85,
1988-02-28,430.45,243.06,
1988-02-21,442.9,253.01,
1988-02-14,443.6,254.87,
1988-02-07,441.7,251.18,
1988-01-31,458.0,258.51,
1988-01-24,476.2,266.9,
1988-01-17,480.3,270.29,
1988-01-10,483.9,267.9,
1988-01-03,484.1,260.66,
1987-12-27,481.5,264.37,
1987-12-20,481.0,262.87,
1987-12-13,493.5,268.94,
1987-12-06,486.25,269.24,
1987-11-29,478.4,264.68,
1987-11-22,465.7,259.15,
1987-11-15,464.95,263.43,
1987-11-08,460.0,257.06,
1987-11-01,468.8,271.93,
1987-10-25,470.5,283.98,
1987-10-18,465.25,279.6,
1987-10-11,462.05,279.69,
1987-10-04,454.35,279.77,
1987-09-27,461.8,281.43,
1987-09-20,461.7,278.89,
1987-09-13,459.85,277.35,
1987-09-06,464.75,280.78,
1987-08-30,453.4,278.25,
1987-08-23,455.5,279.93,
1987-08-16,460.0,288.76,
1987-08-09,464.1,296.08,
1987-08-02,462.5,289.88,
1987-07-26,453.3,281.99,
1987-07-19,450.6,279.27,
1987-07-12,444.75,275.61,
1987-07-05,444.1,275.75,
1987-06-28,444.1,275.07,
1987-06-21,449.0,277.33,
1987-06-14,455.45,275.28,
1987-06-07,453.5,277.88,
1987-05-31,451.0,277.28,
1987-05-24,466.5,279.34,
1987-05-17,469.9,279.2,
1987-05-10,453.0,270.77,
1987-05-03,456.75,273.18,
1987-04-26,462.2,279.78,
1987-04-19,437.75,268.89,
1987-04-12,431.6,265.44,
1987-04-05,418.7,259.21,
1987-03-29,416.35,259.46,
1987-03-22,404.45,252.86,
1987-03-15,408.5,258.79,
1987-03-08,406.3,255.62,
1987-03-01,405.85,262.35,
1987-02-22,399.75,261.19,
1987-02-15,397.35,261.5,
1987-02-08,402.6,267.01,
1987-02-01,400.5,264.88,
1987-01-25,400.0,262.42,
1987-01-18,415.7,274.48,
1987-01-11,402.0,272.58,
1987-01-04,403.5,270.15,
1986-12-28,389.2,268.51,
1986-12-21,394.8,275.51,
1986-12-14,391.5,273.83,
1986-12-07,388.5,272.06,
1986-11-30,389.5,271.15,
1986-11-23,388.2,274.44,
1986-11-16,408.25,285.69,
1986-11-09,408.2,286.12,
1986-11-02,401.0,285.17,
1986-10-26,410.5,290.31,
1986-10-19,419.25,292.98,
1986-10-12,430.75,301.22,
1986-10-05,436.0,302.78,
1986-09-28,433.0,301.64,
1986-09-21,430.0,291.53,
1986-09-14,419.5,283.64,
1986-09-07,420.8,280.85,
1986-08-31,384.7,258.45,
1986-08-24,386.25,257.98,
1986-08-17,385.1,257.2,
1986-08-10,368.8,249.98,
1986-08-03,361.0,242.12,
1986-07-27,349.4,234.97,
1986-07-20,347.9,232.63,
1986-07-13,348.1,230.61,
1986-07-06,343.8,222.74,
1986-06-29,344.5,225.68,
1986-06-22,339.65,226.21,
1986-06-15,346.2,227.09,
1986-06-08,341.65,226.59,
1986-06-01,343.2,232.6,
1986-05-25,341.1,229.42,
1986-05-18,343.0,224.92,
1986-05-11,345.35,224.14,
1986-05-04,341.6,224.66,
1986-04-27,344.45,225.4,
1986-04-20,342.75,226.46,
1986-04-13,341.95,231.2,
1986-04-06,334.5,229.98,
1986-03-30,344.0,232.2,
1986-03-23,352.9,234.77,
1986-03-16,348.0,236.74,
1986-03-09,343.35,234.77,
1986-03-02,338.15,231.14,
1986-02-23,338.0,233.75,
1986-02-16,331.35,233.46,
1986-02-09,337.2,240.69,
1986-02-02,350.5,248.05,
1986-01-26,354.0,254.13,
1986-01-19,352.6,244.95,
1986-01-12,340.45,233.35,
1986-01-05,326.75,226.28,
1985-12-29,326.85,227.93,
1985-12-22,325.55,228.54,
1985-12-15,317.75,220.48,
1985-12-08,322.3,218.43,
1985-12-01,325.3,218.25,
1985-11-24,326.5,225.72,
1985-11-17,325.4,228.11,
1985-11-10,321.95,227.32,
1985-11-03,323.5,225.28,
1985-10-27,325.4,228.35,
1985-10-20,326.25,228.35,
1985-10-13,325.6,230.79,
1985-10-06,328.0,230.01,
1985-09-29,328.6,233.05,
1985-09-22,319.15,233.64,
1985-09-15,321.3,238.89,
1985-09-08,317.4,239.01,
1985-09-01,333.25,238.29,
1985-08-25,334.85,238.07,
1985-08-18,335.35,239.11,
1985-08-11,321.65,237.87,
1985-08-04,320.5,233.6,
1985-07-28,316.95,225.67,
1985-07-21,318.9,227.54,
1985-07-14,315.65,226.81,
1985-07-07,311.6,234.73,
1985-06-30,317.75,242.45,
1985-06-23,313.45,244.79,
1985-06-16,318.25,248.87,
1985-06-09,314.3,247.48,
1985-06-02,314.0,246.08,
1985-05-26,314.7,249.66,
1985-05-19,322.5,255.14,
1985-05-12,314.5,254.14,
1985-05-05,312.75,257.41,
1985-04-28,323.5,264.95,
1985-04-21,327.0,252.51,
1985-04-14,329.9,263.67,
1985-04-07,316.75,263.08,
1985-03-31,329.25,265.52,
1985-03-24,315.5,268.511,
1985-03-17,292.7,269.199,
1985-03-10,291.0,271.963,
1985-03-03,287.25,268.082,
1985-02-24,298.4,277.375,
1985-02-17,304.0,275.238,
1985-02-10,299.8,268.59,
1985-02-03,303.6,269.101,
1985-01-27,298.85,267.069,
1985-01-20,308.0,274.265,
1985-01-13,304.25,269.01,
1985-01-06,303.15,262.422,
1984-12-30,309.2,264.726,
1984-12-23,311.0,265.585,
1984-12-16,322.5,270.554,
1984-12-09,327.0,271.82,
1984-12-02,329.0,273.369,
1984-11-25,341.5,279.574,
1984-11-18,345.0,273.159,
1984-11-11,346.8,274.259,
1984-11-04,343.1,273.386,
1984-10-28,337.6,276.381,
1984-10-21,339.5,283.507,
1984-10-14,338.9,275.91,
1984-10-07,343.8,276.367,
1984-09-30,343.75,277.397,
1984-09-23,343.5,277.688,
1984-09-16,341.45,268.816,
1984-09-09,339.75,265.533,
1984-09-02,348.25,265.637,
1984-08-26,350.0,267.114,
1984-08-19,352.0,266.062,
1984-08-12,346.75,264.13,
1984-08-05,349.25,263.287,
1984-07-29,335.25,254.982,
1984-07-22,342.0,258.269,
1984-07-15,345.0,261.067,
1984-07-08,353.25,267.249,
1984-07-01,373.05,274.807,
1984-06-24,374.25,274.316,
1984-06-17,368.0,266.86,
1984-06-10,386.0,276.941,
1984-06-03,393.75,281.652,
1984-05-27,384.2,277.301,
1984-05-20,375.6,270.313,
1984-05-13,372.5,269.011,
1984-05-06,376.7,266.69,
1984-04-29,379.25,269.545,
1984-04-22,384.9,270.713,
1984-04-15,379.25,265.488,
1984-04-08,380.25,266.039,
1984-04-01,388.5,269.324,
1984-03-25,387.9,269.712,
1984-03-18,392.75,271.274,
1984-03-11,399.9,274.092,
1984-03-04,399.0,268.959,
1984-02-26,395.75,269.768,
1984-02-19,382.15,264.372,
1984-02-12,377.65,267.117,
1984-02-05,383.1,268.936,
1984-01-29,370.0,263.308,
1984-01-22,371.25,263.822,
1984-01-15,373.25,264.472,
1984-01-08,375.25,266.513,
1984-01-01,382.4,264.18,
1983-12-25,378.9,265.373,
1983-12-18,377.25,266.269,
1983-12-11,388.75,270.623,
1983-12-04,400.75,275.146,
1983-11-27,376.1,257.426,
1983-11-20,375.25,255.099,
1983-11-13,382.0,256.807,
1983-11-06,381.0,256.307,
1983-10-30,387.75,259.018,
1983-10-23,394.25,262.396,
1983-10-16,398.75,266.402,
1983-10-09,397.4,263.965,
1983-10-02,405.0,270.577,
1983-09-25,413.0,275.058,
1983-09-18,405.5,270.694,
1983-09-11,414.75,277.388,
1983-09-04,417.5,279.264,
1983-08-28,417.0,278.0,
1983-08-21,417.75,275.107,
1983-08-14,412.45,278.363,
1983-08-07,409.75,276.261,
1983-07-31,422.0,277.176,
1983-07-24,423.5,278.527,
1983-07-17,422.25,278.345,
1983-07-10,426.0,276.893,
1983-07-03,416.25,271.491,
1983-06-26,423.5,273.226,
1983-06-19,415.5,271.8,
1983-06-12,411.25,260.78,
1983-06-05,411.5,263.276,
1983-05-29,437.25,273.196,
1983-05-22,438.75,281.34,
1983-05-15,441.25,281.805,
1983-05-08,431.25,273.202,
1983-05-01,429.25,274.896,
1983-04-24,437.0,282.3,
1983-04-17,436.5,282.616,
1983-04-10,421.25,280.086,
1983-04-03,414.75,279.632,
1983-03-27,411.75,281.693,
1983-03-20,421.75,282.731,
1983-03-13,420.5,280.203,
1983-03-06,412.5,272.277,
1983-02-27,464.75,303.52,
1983-02-20,503.5,325.048,
1983-02-13,504.5,325.904,
1983-02-06,498.5,328.133,
1983-01-30,493.75,320.45,
1983-01-23,485.0,308.034,
1983-01-16,483.25,305.564,
1983-01-09,465.0,288.551,
1983-01-02,456.9,281.516,
1982-12-26,445.75,277.553,
1982-12-19,437.0,269.753,
1982-12-12,435.75,269.481,
1982-12-05,441.25,268.727,
1982-11-28,417.75,261.257,
1982-11-21,417.6,257.698,
1982-11-14,398.0,240.978,
1982-11-07,417.5,250.826,
1982-10-31,423.25,252.385,
1982-10-24,428.0,251.883,
1982-10-17,432.5,254.232,
1982-10-10,433.0,252.478,
1982-10-03,402.0,236.889,
1982-09-26,431.0,252.49,
1982-09-19,441.5,257.81,
1982-09-12,453.0,263.755,
1982-09-05,455.0,262.142,
1982-08-29,418.0,240.023,
1982-08-22,386.5,221.935,
1982-08-15,338.0,197.488,
1982-08-08,344.75,201.49,
1982-08-01,342.9,196.843,
1982-07-25,363.25,205.982,
1982-07-18,347.0,201.92,
1982-07-11,328.5,190.402,
1982-07-04,312.75,180.519,
1982-06-27,305.5,176.948,
1982-06-20,308.75,177.188,
1982-06-13,325.25,183.374,
1982-06-06,318.75,177.409,
1982-05-30,325.25,181.602,
1982-05-23,338.5,188.37,
1982-05-16,333.25,182.653,
1982-05-09,334.75,183.224,
1982-05-02,361.25,200.918,
1982-04-25,352.25,198.596,
1982-04-18,362.75,206.342,
1982-04-11,351.5,199.943,
1982-04-04,327.75,183.101,
1982-03-28,322.25,180.108,
1982-03-21,315.75,175.193,
1982-03-14,323.25,179.613,
1982-03-07,346.5,189.707,
1982-02-28,362.6,198.794,
1982-02-21,369.25,198.949,
1982-02-14,377.5,205.442,
1982-02-07,342.4,186.239,
1982-01-31,387.0,205.305,
1982-01-24,377.25,201.232,
1982-01-17,379.25,202.429,
1982-01-10,400.25,208.03,
1982-01-03,397.5,208.826,
1981-12-27,400.4,211.46,
1981-12-20,415.75,221.792,
1981-12-13,409.75,217.721,
1981-12-06,426.0,218.126,
1981-11-29,411.5,211.026,
1981-11-22,401.5,211.038,
1981-11-15,412.5,215.517,
1981-11-08,428.25,228.035,
1981-11-01,427.0,231.248,
1981-10-25,432.5,237.311,
1981-10-18,443.75,242.089,
1981-10-11,453.5,238.12,
1981-10-04,435.0,237.445,
1981-09-27,450.5,250.835,
1981-09-20,447.0,243.464,
1981-09-13,448.25,250.91,
1981-09-06,439.5,237.889,
1981-08-30,425.0,230.228,
1981-08-23,429.5,229.128,
1981-08-16,413.0,228.619,
1981-08-09,397.25,222.176,
1981-08-02,406.0,219.104,
1981-07-26,407.5,218.851,
1981-07-19,415.0,220.944,
1981-07-12,416.5,219.153,
1981-07-05,414.0,217.952,
1981-06-28,442.0,226.725,
1981-06-21,458.25,233.087,
1981-06-14,472.0,240.816,
1981-06-07,460.0,240.334,
1981-05-31,479.25,231.187,
1981-05-24,472.75,227.941,
1981-05-17,485.0,233.061,
1981-05-10,485.75,229.506,
1981-05-03,487.5,227.273,
1981-04-26,494.5,227.618,
1981-04-19,482.5,224.21,
1981-04-12,493.5,226.065,
1981-04-05,523.0,237.511,
1981-03-29,538.75,241.43,
1981-03-22,516.75,227.894,
1981-03-15,492.0,221.572,
1981-03-08,467.0,212.776,
1981-03-01,489.0,222.071,
1981-02-22,511.5,219.528,
1981-02-15,491.5,214.535,
1981-02-08,500.5,214.623,
1981-02-01,506.5,213.129,
1981-01-25,553.0,229.365,
1981-01-18,560.75,233.938,
1981-01-11,577.75,240.529,
1981-01-04,589.75,246.294,
1980-12-28,602.5,253.631,
1980-12-21,575.0,246.042,
1980-12-14,562.75,242.095,
1980-12-07,617.0,263.901,
1980-11-30,619.75,262.907,
1980-11-23,634.75,268.507,
1980-11-16,612.5,254.466,
1980-11-09,596.0,247.047,
1980-11-02,629.0,258.157,
1980-10-26,633.0,258.473,
1980-10-19,670.5,277.1,
1980-10-12,685.25,284.69,
1980-10-05,660.5,276.452,
1980-09-28,698.75,291.571,
1980-09-21,674.0,282.54,
1980-09-14,685.5,284.086,
1980-09-07,651.0,269.376,
1980-08-31,631.25,263.901,
1980-08-24,639.2,269.818,
1980-08-17,624.5,262.682,
1980-08-10,630.0,265.621,
1980-08-03,622.0,266.724,
1980-07-27,651.75,272.186,
1980-07-20,606.0,255.083,
1980-07-13,667.0,280.606,
1980-07-06,666.5,283.015,
1980-06-29,637.5,270.988,
1980-06-22,602.9,257.705,
1980-06-15,608.4,259.634,
1980-06-08,597.0,256.135,
1980-06-01,535.5,229.238,
1980-05-25,511.25,218.53,
1980-05-18,516.5,226.237,
1980-05-11,508.25,223.21,
1980-05-04,512.5,226.469,
1980-04-27,551.5,241.568,
1980-04-20,515.6,231.283,
1980-04-13,530.5,241.389,
1980-04-06,485.75,226.827,
1980-03-30,490.0,225.547,
1980-03-23,525.0,240.132,
1980-03-16,523.0,236.812,
1980-03-09,609.0,273.585,
1980-03-02,637.0,280.148,
1980-02-24,630.0,276.68,
1980-02-17,667.0,289.371,
1980-02-10,692.0,300.83,
1980-02-03,676.5,297.886,
1980-01-27,668.0,293.368,
1980-01-20,835.0,365.347,
1980-01-13,623.0,275.969,
1980-01-06,588.0,262.77,
1979-12-30,512.0,229.391,
1979-12-23,473.1,215.241,
1979-12-16,456.8,208.176,
1979-12-09,430.4,197.522,
1979-12-02,415.65,189.044,
1979-11-25,392.0,181.356,
1979-11-18,390.35,180.009,
1979-11-11,389.5,186.23,
1979-11-04,372.8,180.489,
1979-10-28,375.0,178.147,
1979-10-21,393.0,182.494,
1979-10-14,395.0,182.913,
1979-10-07,385.0,176.161,
1979-09-30,397.25,181.062,
1979-09-23,369.0,170.164,
1979-09-16,345.8,158.333,
1979-09-09,329.15,146.321,
1979-09-02,315.1,139.827,
1979-08-26,314.75,140.828,
1979-08-19,300.55,135.2,
1979-08-12,303.75,134.522,
1979-08-05,286.5,126.045,
1979-07-29,305.8,131.839,
1979-07-22,298.75,131.031,
1979-07-15,287.45,129.558,
1979-07-08,290.25,130.537,
1979-07-01,277.5,127.939,
1979-06-24,283.45,132.083,
1979-06-17,280.0,133.08,
1979-06-10,280.0,135.135,
1979-06-03,275.1,132.674,
1979-05-27,270.6,131.903,
1979-05-20,256.4,125.165,
1979-05-13,251.5,122.492,
1979-05-06,248.45,119.752,
1979-04-29,243.7,118.502,
1979-04-22,236.4,114.23,
1979-04-15,233.95,112.099,
1979-04-08,239.75,114.878,
1979-04-01,240.1,115.878,
1979-03-25,242.5,119.048,
1979-03-18,244.0,119.872,
1979-03-11,241.0,118.137,
1979-03-04,248.0,122.621,
1979-02-25,251.0,124.876,
1979-02-18,247.05,123.278,
1979-02-11,246.75,123.018,
1979-02-04,230.3,116.343,
1979-01-28,235.45,118.091,
1979-01-21,230.55,114.884,
1979-01-14,217.6,109.073,
1979-01-07,225.5,111.717,
1978-12-31,226.0,110.676,
1978-12-24,215.1,107.148,
1978-12-17,205.6,103.865,
1978-12-10,202.0,103.246,
1978-12-03,194.65,100.568,
1978-11-26,202.7,104.485,
1978-11-19,197.95,101.921,
1978-11-12,206.25,104.973,
1978-11-05,215.2,108.797,
1978-10-29,234.5,113.329,
1978-10-22,227.95,113.89,
1978-10-15,224.5,113.201,
1978-10-08,223.1,112.591,
1978-10-01,217.1,109.924,
1978-09-24,214.35,108.669,
1978-09-17,212.15,108.168,
1978-09-10,205.9,106.255,
1978-09-03,208.0,106.908,
1978-08-27,198.0,102.857,
1978-08-20,211.75,108.506,
1978-08-13,211.15,107.559,
1978-08-06,201.55,104.517,
1978-07-30,201.3,104.691,
1978-07-23,191.75,100.235,
1978-07-16,186.0,98.585,
1978-07-09,183.95,98.274,
1978-07-02,183.05,98.493,
1978-06-25,185.55,100.536,
1978-06-18,184.6,100.847,
1978-06-11,181.3,99.272,
1978-06-04,184.75,101.305,
1978-05-28,179.45,98.98,
1978-05-21,178.8,98.523,
1978-05-14,174.7,95.884,
1978-05-07,172.8,94.478,
1978-04-30,170.85,93.315,
1978-04-23,170.9,93.644,
1978-04-16,178.5,95.813,
1978-04-09,179.1,95.444,
1978-04-02,181.6,97.598,
1978-03-26,179.3,95.195,
1978-03-19,183.2,95.916,
1978-03-12,185.9,97.177,
1978-03-05,183.45,94.586,
1978-02-26,180.75,92.907,
1978-02-19,179.45,92.31,
1978-02-12,174.6,90.223,
1978-02-05,175.25,90.372,
1978-01-29,176.4,90.369,
1978-01-22,173.05,89.547,
1978-01-15,172.45,89.283,
1978-01-08,169.9,88.883,
1978-01-01,164.95,86.023,
1977-12-25,159.4,85.561,
1977-12-18,160.0,86.402,
1977-12-11,158.55,86.592,
1977-12-04,158.75,87.192,
1977-11-27,158.0,86.909,
1977-11-20,160.85,88.321,
1977-11-13,167.95,92.356,
1977-11-06,165.9,91.86,
1977-10-30,161.2,90.674,
1977-10-23,161.2,91.073,
1977-10-16,157.8,89.258,
1977-10-09,153.95,87.477,
1977-10-02,154.05,88.155,
1977-09-25,150.9,86.555,
1977-09-18,148.3,85.069,
1977-09-11,147.45,84.625,
1977-09-04,146.4,84.012,
1977-08-28,145.0,83.228,
1977-08-21,144.5,83.027,
1977-08-14,144.9,83.324,
1977-08-07,145.45,83.602,
1977-07-31,144.1,82.892,
1977-07-24,144.7,84.133,
1977-07-17,144.6,84.089,
1977-07-10,142.05,82.587,
1977-07-03,142.55,82.868,
1977-06-26,140.8,81.865,
1977-06-19,138.75,80.683,
1977-06-12,140.0,81.447,
1977-06-05,141.45,82.329,
1977-05-29,144.4,84.1,
1977-05-22,147.35,85.768,
1977-05-15,148.15,86.149,
1977-05-08,148.25,86.272,
1977-05-01,147.25,85.645,
1977-04-24,149.7,87.086,
1977-04-17,150.65,87.694,
1977-04-10,148.7,86.499,
1977-04-03,148.3,86.226,
1977-03-27,153.55,89.362,
1977-03-20,150.05,87.401,
1977-03-13,146.3,85.212,
1977-03-06,145.4,84.831,
1977-02-27,139.925,81.866,
1977-02-20,136.6,80.146,
1977-02-13,135.0,78.814,
1977-02-06,132.45,77.226,
1977-01-30,131.3,76.56,
1977-01-23,132.2,77.049,
1977-01-16,131.45,76.813,
1977-01-09,132.8,77.889,
1977-01-02,134.5,78.987,
1976-12-26,132.35,78.36,
1976-12-19,131.9,78.949,
1976-12-12,137.65,82.292,
1976-12-05,131.05,78.856,
1976-11-28,130.25,78.844,
1976-11-21,130.2,77.394,
1976-11-14,135.6,83.498,
1976-11-07,127.0,77.51,
1976-10-31,123.15,77.186,
1976-10-24,115.5,70.034,
1976-10-17,115.7,70.228,
1976-10-10,114.0,68.366,
1976-10-03,116.0,69.816,
1976-09-26,119.15,69.842,
1976-09-19,119.5,68.904,
1976-09-12,115.7,65.982,
1976-09-05,107.4,60.555,
1976-08-29,104.2,58.807,
1976-08-22,109.0,61.147,
1976-08-15,113.4,63.576,
1976-08-08,112.8,63.063,
1976-08-01,112.5,63.025,
1976-07-25,111.0,62.237,
1976-07-18,117.85,66.394,
1976-07-11,122.5,68.878,
1976-07-04,123.25,68.655,
1976-06-27,124.85,70.445,
1976-06-20,125.85,70.826,
1976-06-13,125.5,70.852,
1976-06-06,126.6,73.69,
1976-05-30,125.5,71.226,
1976-05-23,125.8,70.437,
1976-05-16,127.7,69.992,
1976-05-09,128.25,70.274,
1976-05-02,128.4,69.616,
1976-04-25,127.4,69.568,
1976-04-18,127.75,68.831,
1976-04-11,127.7,69.497,
1976-04-04,129.1,68.964,
1976-03-28,131.8,68.582,
1976-03-21,133.6,69.486,
1976-03-14,133.35,69.004,
1976-03-07,133.7,67.366,
1976-02-29,132.3,65.291,
1976-02-22,131.75,65.075,
1976-02-15,131.1,64.725,
1976-02-08,130.6,64.427,
1976-02-01,128.15,63.128,
1976-01-25,129.0,63.682,
1976-01-18,130.8,64.497,
1976-01-11,136.55,67.233,
1976-01-04,140.35,69.336,
1975-12-28,140.8,69.627,
1975-12-21,139.1,68.817,
1975-12-14,138.7,68.677,
1975-12-07,138.0,68.121,
1975-11-30,138.15,68.374,
1975-11-23,141.35,69.113,
1975-11-16,142.0,69.278,
1975-11-09,144.6,69.815,
1975-11-02,142.9,68.702,
1975-10-26,143.5,69.237,
1975-10-19,144.9,70.436,
1975-10-12,142.25,69.154,
1975-10-05,138.9,68.128,
1975-09-28,136.3,66.634,
1975-09-21,135.5,65.11,
1975-09-14,148.0,70.199,
1975-09-07,153.25,72.641,
1975-08-31,159.8,75.699,
1975-08-24,161.95,76.724,
1975-08-17,162.1,76.861,
1975-08-10,164.35,78.225,
1975-08-03,166.75,77.414,
1975-07-27,166.25,76.206,
1975-07-20,164.0,75.281,
1975-07-13,165.3,75.051,
1975-07-06,164.25,74.932,
1975-06-29,164.5,73.651,
1975-06-22,162.5,71.51,
1975-06-15,164.35,72.004,
1975-06-08,165.25,70.968,
1975-06-01,167.0,72.154,
1975-05-25,173.4,74.507,
1975-05-18,165.75,71.956,
1975-05-11,165.75,71.275,
1975-05-04,165.5,70.666,
1975-04-27,166.1,70.696,
1975-04-20,170.25,71.739,
1975-04-13,171.9,72.716,
1975-04-06,173.65,72.475,
1975-03-30,177.25,73.793,
1975-03-23,176.25,72.785,
1975-03-16,178.0,73.651,
1975-03-09,178.0,73.782,
1975-03-02,181.75,74.779,
1975-02-23,184.75,76.867,
1975-02-16,184.0,77.004,
1975-02-09,174.5,73.52,
1975-02-02,175.8,73.85,
1975-01-26,177.5,74.452,
1975-01-19,173.75,73.823,
1975-01-12,177.25,75.291,
1975-01-05,174.0,74.315,
1974-12-29,195.0,83.244,
1974-12-22,187.5,80.576,
1974-12-15,179.75,77.646,
1974-12-08,180.9,77.6,
1974-12-01,184.0,79.089,
1974-11-24,182.0,78.303,
1974-11-17,187.5,80.836,
1974-11-10,183.0,78.232,
1974-11-03,167.75,71.743,
1974-10-27,163.25,69.974,
1974-10-20,155.25,66.517,
1974-10-13,157.0,67.218,
1974-10-06,159.0,68.161,
1974-09-29,148.75,62.554,
1974-09-22,146.0,63.086,
1974-09-15,153.0,66.119,
1974-09-08,157.0,67.907,
1974-09-01,156.0,67.285,
1974-08-25,154.0,66.491,
1974-08-18,155.5,66.43,
1974-08-11,154.25,65.038,
1974-08-04,156.5,65.61,
1974-07-28,149.0,62.291,
1974-07-21,145.5,60.805,
1974-07-14,137.0,57.43,
1974-07-07,134.0,56.126,
1974-06-30,144.25,60.399,
1974-06-23,153.75,64.533,
1974-06-16,160.5,67.099,
1974-06-09,155.5,64.644,
1974-06-02,156.75,65.394,
1974-05-26,161.75,67.312,
1974-05-19,165.5,68.553,
1974-05-12,167.7,69.092,
1974-05-05,169.0,69.806,
1974-04-28,169.0,69.994,
1974-04-21,172.0,72.042,
1974-04-14,173.5,73.548,
1974-04-07,173.25,72.444,
1974-03-31,173.0,72.143,
1974-03-24,177.5,75.34,
1974-03-17,163.85,70.006,
1974-03-10,165.0,71.014,
1974-03-03,167.5,73.224,
1974-02-24,163.0,70.41,
1974-02-17,148.9,65.307,
1974-02-10,143.0,63.939,
1974-02-03,130.5,57.312,
1974-01-27,140.9,63.857,
1974-01-20,130.0,59.401,
1974-01-13,122.0,54.234,
1974-01-06,118.5,52.019,
1973-12-30,112.0,48.297,
1973-12-23,106.75,46.272,
1973-12-16,105.0,45.508,
1973-12-09,107.25,46.04,
1973-12-02,101.0,43.098,
1973-11-25,90.0,38.095,
1973-11-18,90.25,37.834,
1973-11-11,98.5,40.922,
1973-11-04,98.5,40.425,
1973-10-28,98.25,40.349,
1973-10-21,101.0,41.405,
1973-10-14,101.925,41.993,
1973-10-07,98.5,40.819,
1973-09-30,100.0,41.42,
1973-09-23,103.5,42.756,
1973-09-16,100.3,41.577,
1973-09-09,105.25,43.546,
1973-09-02,103.5,42.085,
1973-08-26,101.0,41.07,
1973-08-19,104.0,42.182,
1973-08-12,106.75,43.088,
1973-08-05,116.0,46.224,
1973-07-29,117.0,46.632,
1973-07-22,117.75,46.367,
1973-07-15,121.0,47.582,
1973-07-08,127.0,49.324,
1973-07-01,123.25,47.753,
1973-06-24,120.0,46.611,
1973-06-17,120.0,46.458,
1973-06-10,117.25,45.506,
1973-06-03,117.75,45.746,
1973-05-27,106.5,41.946,
1973-05-20,105.5,41.34,
1973-05-13,96.7,38.547,
1973-05-06,90.3,36.255,
1973-04-29,90.6,36.435,
1973-04-22,90.75,36.537,
1973-04-15,90.0,36.265,
1973-04-08,90.75,36.543,
1973-04-01,90.0,36.311,
1973-03-25,84.5,34.176,
1973-03-18,82.75,33.584,
1973-03-11,82.875,33.573,
1973-03-04,86.3,34.382,
1973-02-25,85.0,34.302,
1973-02-18,73.3,30.041,
1973-02-11,68.1,28.589,
1973-02-04,66.9,28.192,
1973-01-28,65.5,27.741,
1973-01-21,64.5,27.416,
1973-01-14,65.15,27.705,
1973-01-07,65.25,27.742,
1972-12-31,64.9,27.659,
1972-12-24,64.2,27.354,
1972-12-17,63.925,27.237,
1972-12-10,63.1,26.94,
1972-12-03,64.2,27.335,
1972-11-26,62.7,26.674,
1972-11-19,60.35,25.679,
1972-11-12,62.8,26.698,
1972-11-05,64.15,27.35,
1972-10-29,64.6,27.613,
1972-10-22,65.0,27.166,
1972-10-15,64.725,26.769,
1972-10-08,65.5,27.044,
1972-10-01,64.2,26.525,
1972-09-24,63.9,26.242,
1972-09-17,65.5,26.758,
1972-09-10,67.1,27.416,
1972-09-03,66.85,27.301,
1972-08-27,67.125,27.434,
1972-08-20,66.6,27.165,
1972-08-13,65.7,26.794,
1972-08-06,68.5,27.949,
1972-07-30,68.2,27.837,
1972-07-23,65.0,26.48,
1972-07-16,65.0,26.412,
1972-07-09,65.3,26.801,
1972-07-02,64.65,26.458,
1972-06-25,63.1,24.027,
1972-06-18,61.5,23.729,
1972-06-11,62.5,23.937,
1972-06-04,59.4,22.74,
1972-05-28,57.95,22.184,
1972-05-21,57.05,21.831,
1972-05-14,52.9,20.245,
1972-05-07,51.05,19.556,
1972-04-30,49.6,18.994,
1972-04-23,49.35,18.911,
1972-04-16,49.35,18.917,
1972-04-09,48.35,18.538,
1972-04-02,48.38,18.494,
1972-03-26,48.35,18.552,
1972-03-19,48.375,18.503,
1972-03-12,48.4,18.305,
1972-03-05,48.075,18.438,
1972-02-27,48.475,18.606,
1972-02-20,48.4,18.568,
1972-02-13,48.25,18.516,
1972-02-06,47.0,18.073,
1972-01-30,47.35,18.272,
1972-01-23,45.9,17.773,
1972-01-16,45.925,17.892,
1972-01-09,45.85,17.975,
1972-01-02,43.625,17.092,
1971-12-26,43.425,17.024,
1971-12-19,42.75,16.913,
1971-12-12,43.69,17.344,
1971-12-05,43.8,17.542,
1971-11-28,43.4,17.402,
1971-11-21,43.1,17.282,
1971-11-14,42.7,17.122,
1971-11-07,42.325,16.973,
1971-10-31,42.34,16.998,
1971-10-24,42.475,17.034,
1971-10-17,42.55,17.093,
1971-10-10,42.45,17.039,
1971-10-03,42.4,17.043,
1971-09-26,42.5,17.107,
1971-09-19,42.05,17.015,
1971-09-12,41.65,16.939,
1971-09-05,41.7,16.946,
1971-08-29,41.125,16.633,
1971-08-22,43.3,,
1971-08-15,43.0,17.772,
1971-08-08,42.56,17.595,
1971-08-01,42.4,17.529,
1971-07-25,41.625,17.207,
1971-07-18,40.74,16.843,
1971-07-11,40.24,16.637,
1971-07-04,40.375,16.689,
1971-06-27,40.1,16.575,
1971-06-20,39.95,16.514,
1971-06-13,39.6,16.367,
1971-06-06,40.6,16.783,
1971-05-30,40.84,16.886,
1971-05-23,40.975,16.935,
1971-05-16,41.2,17.03,
1971-05-09,39.775,16.444,
1971-05-02,39.7,16.409,
1971-04-25,39.045,16.144,
1971-04-18,38.95,16.106,
1971-04-11,38.98,16.123,
1971-04-04,38.875,16.111,
1971-03-28,38.88,16.075,
1971-03-21,38.95,16.102,
1971-03-14,39.04,16.136,
1971-03-07,38.75,16.028,
1971-02-28,38.8,16.06,
1971-02-21,38.725,16.012,
1971-02-14,38.85,16.069,
1971-02-07,38.41,15.909,
1971-01-31,38.05,15.746,
1971-01-24,37.94,15.74,
1971-01-17,38.1,15.838,
1971-01-10,37.5,15.635,
1971-01-03,37.375,15.617,
1970-12-27,37.325,15.598,
1970-12-20,37.625,15.742,
1970-12-13,37.175,15.556,
1970-12-06,37.54,15.715,
1970-11-29,37.6,15.731,
1970-11-22,37.625,15.746,
1970-11-15,37.66,15.763,
1970-11-08,37.1,15.51,
1970-11-01,37.25,15.583,
1970-10-25,38.45,16.102,
1970-10-18,37.5,15.713,
1970-10-11,36.925,15.477,
1970-10-04,36.325,15.223,
1970-09-27,36.15,15.15,
1970-09-20,36.15,15.156,
1970-09-13,36.325,15.235,
1970-09-06,36.25,15.221,
1970-08-30,35.8,15.021,
1970-08-23,35.41,14.833,
1970-08-16,35.25,14.754,
1970-08-09,35.3,14.767,
1970-08-02,35.3,14.765,
1970-07-26,35.31,14.781,
1970-07-19,35.3,14.773,
1970-07-12,35.35,14.781,
1970-07-05,35.35,14.767,
1970-06-28,35.45,14.794,
1970-06-21,35.35,14.729,
1970-06-14,35.625,14.85,
1970-06-07,35.21,14.675,
1970-05-31,35.45,14.763,
1970-05-24,35.89,14.95,
1970-05-17,35.975,14.958,
1970-05-10,36.2,15.05,
1970-05-03,35.875,14.91,
1970-04-26,35.8,14.877,
1970-04-19,35.75,14.856,
1970-04-12,35.375,14.704,
1970-04-05,35.34,14.685,
1970-03-29,35.31,14.675,
1970-03-22,35.14,14.61,
1970-03-15,35.03,14.56,
1970-03-08,34.95,14.529,
1970-03-01,35.02,14.546,
1970-02-22,34.99,14.544,
1970-02-15,34.99,14.56,
1970-02-08,35.0,14.56,
1970-02-01,34.99,14.567,
1970-01-25,34.99,14.571,
1970-01-18,34.75,14.477,
1970-01-11,34.9,14.548,
1970-01-04,35.075,14.61,
1969-12-28,35.11,14.638,
1969-12-21,35.0,14.6,
1969-12-14,35.3,14.727,
1969-12-07,35.2,14.692,
1969-11-30,35.6,14.854,
1969-11-23,36.125,15.081,
1969-11-16,37.875,15.806,
1969-11-09,38.525,16.069,
1969-11-02,39.75,16.592,
1969-10-26,40.05,16.748,
1969-10-19,40.525,16.944,
1969-10-12,40.73,17.065,
1969-10-05,40.95,17.158,
1969-09-28,40.75,17.1,
1969-09-21,40.9,17.15,
1969-09-14,41.05,17.21,
1969-09-07,40.9,17.163,
1969-08-31,40.86,17.158,
1969-08-24,41.05,17.227,
1969-08-17,41.11,17.265,
1969-08-10,41.15,17.21,
1969-08-03,41.43,17.329,
1969-07-27,41.85,17.515,
1969-07-20,41.95,17.55,
1969-07-13,41.89,17.517,
1969-07-06,41.6,17.402,
1969-06-29,41.1,17.192,
1969-06-22,41.3,17.281,
1969-06-15,41.6,17.404,
1969-06-08,40.625,17.01,
1969-06-01,43.075,18.027,
1969-05-25,43.5,18.219,
1969-05-18,43.5,18.215,
1969-05-11,43.525,18.269,
1969-05-04,43.6,18.3,
1969-04-27,43.3,18.129,
1969-04-20,43.225,18.04,
1969-04-13,43.4,18.119,
1969-04-06,43.375,18.117,
1969-03-30,43.225,18.058,
1969-03-23,43.2,18.067,
1969-03-16,43.0,18.002,
1969-03-09,43.5,18.213,
1969-03-02,42.7,17.842,
1969-02-23,42.625,17.829,
1969-02-16,42.5,17.76,
1969-02-09,42.525,17.79,
1969-02-02,42.54,17.802,
1969-01-26,42.1,17.625,
1969-01-19,42.2,17.681,
1969-01-12,42.3,17.733,
1969-01-05,42.05,17.638,
1968-12-29,41.75,17.5083,
1968-12-22,41.7,17.4958,
1968-12-15,41.0,17.2,
1968-12-08,40.5,16.9979,
1968-12-01,39.85,16.7063,
1968-11-24,40.0,16.8813,
1968-11-17,40.0,16.7771,
1968-11-10,39.4,16.4875,
1968-11-03,39.175,16.3833,
1968-10-27,39.25,16.4167,
1968-10-20,39.1,16.3646,
1968-10-13,39.275,16.4417,
1968-10-06,39.05,16.3438,
1968-09-29,40.125,16.7917,
1968-09-22,40.4,16.9104,
1968-09-15,40.15,16.8229,
1968-09-08,39.9,16.7417,
1968-09-01,39.8,16.6979,
1968-08-25,39.5,16.5417,
1968-08-18,39.15,16.3646,
1968-08-11,38.55,16.1042,
1968-08-04,38.85,16.2271,
1968-07-28,38.9,16.25,
1968-07-21,38.7,16.1854,
1968-07-14,39.3,16.4396,
1968-07-07,41.0,17.2083,
1968-06-30,40.9,17.1667,
1968-06-23,41.05,17.2229,
1968-06-16,41.0,17.1875,
1968-06-09,41.25,17.3042,
1968-06-02,41.95,17.6,
1968-05-26,41.75,17.5104,
1968-05-19,41.5,17.3958,
1968-05-12,39.6,16.5625,
1968-05-05,39.1,16.3188,
1968-04-28,38.65,16.1271,
1968-04-21,37.65,15.6833,
1968-04-14,38.0,15.8208,
1968-04-07,37.0,15.3875,
