id,price,amount,type
1356998659486096,13.51001,36.87430786,ask
1356998738639088,13.55999,11.68264135,bid
1356998739290677,13.51001,0.01,ask
1356998788984963,13.55999,22.30322441,bid
1356998789613887,13.51001,0.01,ask
1356999014882697,13.51001,2.0,ask
1356999073966025,13.55999,35.2925411,bid
1356999074184825,13.55999,0.05782085,bid
1356999074349050,13.55999,0.11038249,bid
1356999074564202,13.51001,0.01,ask
1356999080345412,13.55999,11.1833898,bid
1356999080398943,13.56,4.40546533,bid
1356999081108184,13.51001,0.01,ask
1356999121673647,13.56,5.66430678,bid
1356999122374429,13.51001,0.01,ask
1356999178482864,13.56,1.77009587,bid
1356999179452633,13.51001,0.01,ask
1356999458360219,13.51001,1.61,ask
1356999640201552,13.51001,4.0,ask
1356999863069826,13.51002,0.05038789,ask
1356999876023878,13.51002,0.03908791,ask
1356999876074509,13.51,0.00676016,ask
1356999894217531,13.51,0.04171643,ask
1356999911972511,13.51,0.03795213,ask
1356999923942982,13.54898,9.92059918,bid
1356999937330793,13.51,0.03452662,ask
1357000043149954,13.54898,1.0,bid
1357000352346868,13.54898,6.0,bid
1357000438523425,13.51,6.0,ask
1357000476448559,13.54898,2.21402214,bid
1357000628334633,13.54898,7.7947565,bid
1357000742315174,13.51,2.0,ask
1357000883583351,13.54898,1.41722845,bid
1357001078213213,13.54898,1.0,bid
1357001080353782,13.54898,1.0,bid
1357001227507810,13.54898,14.06971128,bid
1357001270270636,13.549,1.58816629,bid
1357001270566875,13.56,18.34074778,bid
1357001271822310,13.51001,0.01,ask
1357001335415194,13.51001,0.03084691,ask
1357001460829431,13.55989,0.18670615,bid
1357001460898195,13.5599,0.81329385,bid
1357001461795239,13.51001,0.01,ask
1357001516257544,13.5599,19.18670615,bid
1357001516315683,13.56,0.81329385,bid
1357001517071065,13.51002,0.01,ask
1357001569923704,13.56,14.16076696,bid
1357001570586416,13.51002,0.01,ask
1357001610267593,13.55,1.0,bid
1357001612522962,13.51002,0.01,ask
1357001654886710,13.55,2.79,bid
1357001703760335,13.55001,1.3295,ask
1357001791011470,13.55001,2.0,ask
1357001864145416,13.56,21.94918879,bid
1357002015279913,13.56,43.6187,bid
1357002041546074,13.56,1.4,bid
1357002044749144,13.55001,14.0,ask
1357002281726995,13.55001,0.98,ask
1357002289280538,13.56,23.3658,bid
1357002349209513,13.55001,29.0005,ask
1357002349272868,13.55,0.37,ask
1357002350751223,13.51,0.3571279,ask
1357002350788770,13.51,28.42635085,ask
1357002350818723,13.51,1.42,ask
1357002351267594,13.495,0.1,ask
1357002351825289,13.4784,3.92,ask
1357002351889452,13.471,1.84303207,ask
1357002371126048,13.50771,0.24425734,bid
1357002376198433,13.47001,0.01,ask
1357002435091848,13.47001,0.02762068,ask
1357002449129925,13.47001,0.0251291,ask
1357002460072810,13.47001,0.02286298,ask
1357002471380746,13.47001,0.02080081,ask
1357002493625927,13.47001,0.01891974,ask
1357002508603970,13.47001,0.01721082,ask
1357002521307207,13.47001,0.01565653,ask
1357002532633994,13.47001,0.01424294,ask
1357002544206588,13.47001,0.01295658,ask
1357002556583054,13.47001,0.01178517,ask
1357002567696293,13.47001,0.01072,ask
1357002589904397,13.5077,0.07396425,bid
1357002589980008,13.50771,7.46776266,bid
1357002590252392,13.5585,8.06509127,bid
1357002592070439,13.47001,0.01,ask
1357002655578551,13.55849,1.23502874,bid
1357002656288737,13.5595,22.20199712,bid
1357002665493920,13.47001,0.01,bid
1357003065504516,13.5,0.02,bid
1357003065553439,13.55,0.02,bid
1357003065653513,13.5595,1.73026291,bid
1357003066296341,13.47435,0.01,ask
1357003130203887,13.5595,11.3290313,bid
1357003131115820,13.47674,0.01,ask
1357003455905319,13.54776,0.3,bid
1357003456034115,13.5595,14.73870867,bid
1357003456106290,13.55995,20.36409795,bid
1357003456750262,13.47768,0.01,ask
1357003607694811,13.47862,0.10226104,ask
1357003635372973,13.55995,13.81033927,bid
1357003636504909,13.47862,0.01,ask
1357003696071775,13.55995,9.19633717,bid
1357003696207039,13.56,12.39886651,bid
1357003696700668,13.4787,0.01,ask
1357003880836361,13.47927,0.01,ask
1357003910483213,13.47927,0.01,ask
1357003917760583,13.47927,0.01,ask
1357003923673325,13.47927,0.01,ask
1357003929046989,13.47927,0.01,ask
1357003935227292,13.47927,0.01,ask
1357003955987014,13.47927,0.01,ask
1357003958631490,13.48,0.1,bid
1357003958681751,13.49,0.1,bid
1357003958718182,13.5,0.1,bid
1357003958852433,13.56,23.06681415,bid
1357003959860080,13.47927,0.01,ask
1357003962831077,13.47927,0.01,ask
1357004084813557,13.56,20.35,bid
1357004085355750,13.47927,0.01,ask
1357004090303853,13.56,2.22551929,bid
1357004091276540,13.47927,0.01,ask
1357004105628879,13.56,9.91253687,bid
1357004106131156,13.47998,0.01,ask
1357004246608212,13.48018,0.01,ask
1357004256252508,13.48018,0.01,ask
1357004270074511,13.48018,0.01,ask
1357004571642703,13.47841,0.01,ask
1357004646876885,13.47845,0.65599,ask
1357004740924990,13.47846,0.01,bid
1357004742441603,13.47846,0.30959115,ask
1357004759215490,13.47847,0.01,bid
1357004772009169,13.47849,0.01,bid
1357004878484119,13.4785,0.01,bid
1357004878545457,13.479,0.01,bid
1357004878594582,13.48,0.01,bid
1357004878663512,13.49,0.01,bid
1357004878720724,13.495,0.01,bid
1357004878769010,13.5,0.01,bid
1357004878831782,13.51,0.1,bid
1357004878878394,13.52,0.1,bid
1357004878919306,13.52,0.01,bid
1357004878958081,13.53,0.1,bid
1357004879001142,13.54,0.1,bid
1357004879043187,13.54,0.01,bid
1357004879081369,13.55,0.1,bid
1357004879160231,13.55936,7.25248191,bid
1357004879200841,13.55999,0.18,bid
1357004879551267,13.56,6.15010029,bid
1357004883037868,13.4785,0.01,ask
1357004887806857,13.47841,0.01,ask
1357005085894164,13.52562,34.31728121,ask
1357005086154718,13.52561,0.1,ask
1357005086426535,13.51563,0.1,ask
1357005086461652,13.50565,0.1,ask
1357005086558922,13.49566,0.1,ask
1357005086607734,13.48568,0.1,ask
1357005087031875,13.4784,0.1,ask
1357005087620575,13.477,1.0,ask
1357005088249805,13.4725,45.38271879,ask
1357005287948304,13.52,3.55066568,bid
1357005288507859,13.48001,0.01,ask
1357005398805528,13.48005,1.030554,ask
1357005608801851,13.50001,30.51586715,ask
1357005608895958,13.5,0.01,ask
1357005613609920,13.48005,0.01,ask
1357005627670479,13.5,35.55925925,bid
1357005802083332,13.48005,56.6362977,ask
1357005802169022,13.48004,0.01,ask
1357005802214747,13.48002,0.01,ask
1357005802273939,13.48,1.0,ask
1357005802327790,13.478,1.0,ask
1357005802401385,13.4725,4.61728121,ask
1357005802496542,13.47065,20.23072879,ask
1357005802553392,13.47,0.97,ask
1357005802587640,13.4699,0.1,ask
1357005802624923,13.4698,0.1,ask
1357005802660468,13.4698,0.1,ask
1357005802735180,13.46843,23.77728212,ask
1357005802779238,13.46842,0.1,ask
1357005802818780,13.4684,0.1,ask
1357005802853074,13.4683,0.27,ask
1357005802890537,13.461,90.97841018,ask
1357006104190863,13.46101,0.1,ask
1357006124380870,13.46101,0.1,ask
1357006126719401,13.49266,0.1,bid
1357006126770983,13.5,35.17839555,bid
1357006395919123,13.49949,20.12957515,bid
1357006395971137,13.5,15.00728962,bid
1357006527814921,13.5,34.92274888,bid
1357006598394618,13.46101,0.01831227,ask
1357006692316566,13.5,1.5646074,bid
1357006750991749,13.46101,4.59935345,ask
1357006771735005,13.5,7.11185185,bid
1357006851309336,13.46101,60.24245074,ask
1357006851445399,13.461,9.02158982,ask
1357007049753265,13.46,0.1,ask
1357007082168854,13.49,0.1,bid
1357007082234076,13.5,16.25733333,bid
1357007348896399,13.49999,4.40935141,bid
1357007477715818,13.49999,35.5593,bid
1357007548249319,13.49999,8.53422854,bid
1357007665068038,13.49999,2.84474284,bid
1357007669771456,13.47,1.0,ask
1357007704980545,13.47,2.22551929,bid
1357007869433231,13.47,2.54448071,bid
1357007869483067,13.5,16.30758074,bid
1357008203342877,13.49999,32.00335703,bid
1357008364055481,13.49999,4.26711427,bid
1357008391825053,13.49999,35.5556,bid
1357008397061615,13.49999,0.11503661,bid
1357008687618305,13.49999,5.0,bid
1357009089699336,13.466,0.09,ask
1357009185226533,13.466,62.7089,ask
1357009318443291,13.46599,20.23072879,bid
1357009424696144,13.46599,6.84818643,bid
1357009429437972,13.46599,21.0,bid
1357009429637924,13.46599,0.3894411,bid
1357009442578137,13.46573,1.71,ask
1357009584007313,13.46599,22.256499,bid
1357009585329269,13.46599,5.45819505,bid
1357009587863974,13.46599,5.0,bid
1357009767171078,13.46599,35.36744123,bid
1357009791199953,13.46573,1.0,ask
1357009941931268,13.46599,35.29614309,bid
1357010004604393,13.49998,62.11204143,bid
1357010004691432,13.49999,1.0,bid
1357010004755256,13.5,614.27204888,bid
1357010104510302,13.5,35.27478518,bid
1357010179656519,13.5,0.35661348,bid
1357010212550480,13.5,7.66161869,bid
1357010212621266,13.5,17.22986296,bid
1357010227054053,13.5,34.92274888,bid
1357010364697559,13.46573,34.68680219,ask
1357010364788213,13.46572,0.1,ask
1357010364885906,13.4625,100.0,ask
1357010364969281,13.46,4.08,ask
1357010365003376,13.4598,0.51,ask
1357010365035368,13.45843,0.1,ask
1357010365075133,13.4584,0.54,ask
1357010365196933,13.45,42.35934716,ask
1357010365229961,13.449,0.23,ask
1357010365262913,13.4483,0.1,ask
1357010365515662,13.44,15.0,ask
1357010365554552,13.4383,0.1,ask
1357010365598768,13.435,1.0,ask
1357010365652718,13.431,3.0,ask
1357010365712127,13.43,0.015,ask
1357010365778734,13.43,1.0,ask
1357010365813085,13.43,1.0,ask
1357010365846724,13.43,1.0,ask
1357010366064665,13.42451,50.43206344,ask
1357010366099105,13.4245,100.0,ask
1357010366207498,13.42001,78.83425869,ask
1357010366276568,13.41969,0.10395173,ask
1357010366324731,13.4185,0.1,ask
1357010366395463,13.413,0.70564446,ask
1357010366472362,13.41223,199.0,ask
1357010366517270,13.412,180.0,ask
1357010366801123,13.412,10.0,ask
1357010366837957,13.411,826.64453303,ask
1357010438116056,13.48265,34.95371557,bid
1357010438444226,13.48266,0.1,bid
1357010438771604,13.48996,0.1,bid
1357010439820125,13.5,0.39987013,bid
1357010441543830,13.5,0.17286242,bid
1357010446574881,13.42969,0.01,ask
1357010461328902,13.5,21.77465561,bid
1357010461380071,13.502,0.1,bid
1357010461449569,13.51,0.1,bid
1357010461532708,13.52,13.09101997,bid
1357010464806229,13.46569,0.01,ask
1357010508588202,13.51899,0.37819203,bid
1357010509342425,13.519,11.33987203,bid
1357010510672636,13.48568,0.01,ask
1357011324861358,13.52,2.22386953,bid
1357011325375267,13.48569,0.01,ask
1357011530474152,13.52,8.52159763,bid
1357011530958816,13.48569,0.01,ask
1357011850726784,13.52,20.61284719,bid
1357011850818282,13.52,0.1,bid
1357011851112543,13.54994,4.1326611,bid
1357011853253972,13.48569,0.01,ask
1357012584762379,13.52889,0.14373855,bid
1357012585127324,13.5289,1.27556145,bid
1357012585813444,13.49566,0.01,ask
1357012798644700,13.49567,20.12957515,ask
1357012991389131,13.49567,0.2,ask
1357014080141974,13.52989,0.01325915,bid
1357014080209923,13.5299,21.98674085,bid
1357014398308604,13.49567,14.87093864,ask
1357014398377693,13.49566,0.09,ask
1357014508050111,13.48568,0.09,ask
1357014528498209,13.47771,14.47508272,ask
1357014528558653,13.4777,0.1,ask
1357014770328699,13.4777,5.5937,bid
1357014939602712,13.4777,2.22386953,bid
1357015020891894,13.47001,8.502,ask
1357015201062835,13.4777,17.51734775,bid
1357015201117873,13.47771,10.97712,bid
1357015300389809,13.47001,6.98166583,ask
1357015300460254,13.47,3.125,ask
1357015315067121,13.47,3.25633417,bid
1357015436630573,13.47771,1.02268,bid
1357015436712155,13.49566,34.54937513,bid
1357015894327050,13.472,0.88,ask
1357015928831340,13.49565,4.45799646,bid
1357016313602939,13.472,1.0,ask
1357016435466591,13.49499,35.57246059,bid
1357016496604186,13.49499,0.0889,bid
1357016621947360,13.472,1.86366583,ask
1357016622128189,13.47,24.2339,ask
1357016783171212,13.46661,4.0,ask
1357016902219468,13.49565,24.16436915,bid
1357016902299548,13.49566,1.46968623,bid
1357016902354035,13.50196,0.1,bid
1357016902407917,13.50995,0.1,bid
1357016902457729,13.51995,0.1,bid
1357016902508797,13.5299,9.61193652,bid
1357016905197237,13.46661,0.01,ask
1357016966679487,13.52989,2.0,bid
1357017081325530,13.52989,2.05292384,bid
1357017081391669,13.5299,11.40132263,bid
1357017081456097,13.53,0.1,bid
1357017081554777,13.53999,19.57328917,bid
1357017081605636,13.54,0.1,bid
1357017081685266,13.54995,2.23515732,bid
1357017083979898,13.49562,0.01,ask
1357017309137162,13.54994,0.10719298,bid
1357017309231299,13.54995,35.32098199,bid
1357017310353751,13.51564,0.01,ask
1357017473221360,13.54995,1.0,bid
1357017474623099,13.51564,0.01,ask
1357017709540236,13.54995,0.4,bid
1357017712515579,13.51564,0.01,ask
1357018315755930,13.51564,5.9985,ask
1357018499937483,13.535,0.1,bid
1357018499982271,13.54,0.1,bid
1357018500459916,13.54995,1.21731076,bid
1357018501311569,13.51564,0.01,ask
1357018554445802,13.54995,2.21893491,bid
1357018554977376,13.51564,0.01,ask
1357018935808181,13.53996,0.1,bid
1357018935895164,13.54995,6.70015756,bid
1357018938439587,13.51564,0.01,ask
1357019222617540,13.51564,1.25766508,ask
1357019540987973,13.51564,17.70621584,ask
1357019677049821,13.51564,0.40570113,ask
1357020588219225,13.52,3.0,bid
1357020622303677,13.54499,6.22162585,bid
1357022060180356,13.51564,1.44,ask
1357022173123085,13.54488,2.21893491,bid
1357022209035784,13.54488,15.59423191,bid
1357022521120200,13.54488,1.17415153,bid
1357022521801984,13.54488,0.2,bid
1357022523007745,13.54489,1.30202728,ask
1357022667894946,13.54489,12.08952119,ask
1357022669067300,13.51564,0.01,ask
1357022719295627,13.51564,10.0,ask
1357022751936714,13.51564,1.0,ask
1357023057327794,13.51647,0.08274714,ask
1357023057498325,13.51647,0.0823334,ask
1357023057551894,13.51563,0.01882024,ask
1357023204354071,13.51647,8.5,ask
1357023301748477,13.51647,4.0,ask
1357024171806495,13.52025,2.93,bid
1357024464172776,13.53498,11.03515632,bid
1357024464236392,13.53499,0.1,bid
1357024464283758,13.53499,0.89,bid
1357024477375338,13.535,0.75,bid
1357024487853997,13.54487,0.0275967,bid
1357024487924520,13.54488,7.91047881,bid
1357024500161462,13.545,0.280976,bid
1357024501104481,13.52028,0.01,ask
1357024793310125,13.54499,0.0357581,bid
1357024793371493,13.545,10.67100553,bid
1357024794093657,13.52028,0.01,ask
1357024860505127,13.52028,0.61,ask
1357025021842520,13.52028,8.04,ask
1357025090455161,13.52028,9.19841708,ask
1357025090533888,13.52027,0.80158292,ask
1357025134634848,13.52027,8.0,ask
1357025165669262,13.52027,3.0,ask
1357025200046034,13.52027,0.26841708,ask
1357025355639912,13.51648,5.0,ask
1357025433955755,13.54499,4.7,bid
1357025434412589,13.54499,0.07007904,bid
1357025789489020,13.53999,2.21893491,bid
1357026129969171,13.53,1.0,ask
1357026191849068,13.53,1.0,ask
1357026222297825,13.53,6.9,ask
1357026433910705,13.52998,1.45649881,bid
1357026469372312,13.51647,2.90527818,ask
1357026485727922,13.51647,4.66037007,ask
1357026579153253,13.51563,0.08117976,ask
1357026685864891,13.51064,0.1,ask
1357026688832316,13.50565,0.1,ask
1357026748771212,13.50564,1.89854207,bid
1357026765679989,13.50565,2.02574255,ask
1357026765746245,13.5,2.89625745,ask
1357026846835262,13.50001,11.83712693,ask
1357026846909772,13.5,7.82374255,ask
1357026846983367,13.49561,0.1,ask
1357026847066444,13.48563,0.1,ask
1357026847125933,13.47766,0.1,ask
1357026847183691,13.472,0.42328607,ask
1357026847236725,13.47,1.0,ask
1357026848307915,13.47,0.53,ask
1357026848532328,13.4666,1.0,ask
1357026848559588,13.46568,0.1,ask
1357026848593756,13.45839,0.1,ask
1357026849053555,13.45003,14.25984445,ask
1357027223653707,13.48262,0.1,bid
1357027363205565,13.48264,6.0,ask
1357027422863211,13.48992,0.1,bid
1357027423949886,13.5,260.0,bid
1357027424051099,13.5,23.77,bid
1357027667068551,13.5,0.05518704,ask
1357027759410016,13.5,4.0,ask
1357028510263422,13.5,6.88448414,ask
1357028590660470,13.5,0.1,ask
1357028893368665,13.5,0.1,ask
1357029068847960,13.5,4.99032882,ask
1357029068915344,13.46572,0.1,ask
1357029068967132,13.46572,0.1,ask
1357029069020788,13.45835,0.1,ask
1357029069076689,13.45403,7.35824581,ask
1357029069169709,13.45004,1.26142537,ask
1357029164465587,13.45023,2.84,ask
1357029364679967,13.45093,20.52,ask
1357029403939475,13.47,0.1,bid
1357029403985594,13.48258,0.1,bid
1357029404041384,13.50192,0.1,bid
1357029404099292,13.5099,0.1,bid
1357029404141212,13.5199,0.1,bid
1357029404217330,13.52,1.71893491,bid
1357029406293794,13.45831,0.01,ask
1357029415033513,13.49556,0.1,ask
1357029908775361,13.51984,22.1895,bid
1357029985810197,13.49556,0.1,ask
1357030009871411,13.48558,0.1,ask
1357030029539820,13.47762,0.1,ask
1357030029585900,13.45831,0.09,ask
1357030029685852,13.45002,1.61,ask
1357030163280151,13.45035,4.0,ask
1357030623511847,13.48252,3.0,bid
1357030638084332,13.45167,0.01,ask
1357031513220805,13.45175,34.96808767,ask
1357031646416858,13.48246,0.10851803,bid
1357031918504028,13.45002,0.00350748,ask
1357032249503330,13.48219,22.2293,bid
1357032307359464,13.48219,0.02459541,bid
1357032482755858,13.45003,0.08,ask
1357033020072377,13.48139,2.23048327,bid
1357033358353044,13.45003,3.41671481,ask
1357033358431419,13.45002,0.67328519,ask
1357034126054226,13.47477,3.2,bid
1357034127574077,13.47477,0.03303284,bid
1357035185761724,13.45003,0.5,ask
1357035324231222,13.45003,0.1,ask
1357035337383449,13.45003,0.2,ask
1357035849188638,13.45003,0.15873438,ask
1357035849274755,13.45002,0.324401,ask
1357035849351772,13.45,1.0,ask
1357035849423898,13.44575,0.1,ask
1357035849506759,13.43988,1.41686462,ask
1357035906691256,13.43997,1.0,ask
1357036225890578,13.44105,6.05,ask
1357036634037785,13.46,0.1,bid
1357036636443273,13.46998,2.12717149,bid
1357037052612698,13.4437,1.0,ask
1357037400228589,13.46973,20.0,bid
1357037505778869,13.46973,23.43,bid
1357037858051866,13.44029,0.01,ask
1357037864651389,13.43989,0.01,ask
1357038344625934,13.4697,10.66463123,bid
1357038344940563,13.47,13.08536877,bid
1357038347978604,13.44121,0.01,ask
1357038753193082,13.44221,0.1275,ask
1357039882218765,13.44224,0.16,ask
1357040103235920,13.44224,0.08412769,ask
1357040103332760,13.43987,6.86407978,ask
1357040103386875,13.4384,2.96,ask
1357040103445801,13.4383,3.56,ask
1357040103493161,13.43577,0.1,ask
1357040103537518,13.43577,0.1,ask
1357040103635915,13.4225,100.0,ask
1357040103728899,13.42,7.45156482,ask
1357040103776334,13.42,1.0,ask
1357040103849476,13.411,173.35546697,ask
1357040103892419,13.41,5.0,ask
1357040103932269,13.41,3.57,ask
1357040103980009,13.4086,2.5,ask
1357040104030831,13.40797,34.69662223,ask
1357040104085208,13.405,0.16,ask
1357040104134096,13.40001,0.04316025,ask
1357040104181006,13.40001,0.04322526,ask
1357040104234599,13.40001,0.04332266,ask
1357040104277043,13.40001,0.04344339,ask
1357040104331291,13.40001,0.04348971,ask
1357040104404513,13.40001,0.04348968,ask
1357040104442850,13.40001,0.04346406,ask
1357040104491643,13.40001,0.04342788,ask
1357040104566981,13.4,0.00020523,ask
1357040104626117,13.4,1.49233208,ask
1357040104734013,13.4,1212.64224259,ask
1357040132568688,13.40001,57.56363749,ask
1357040132671896,13.4,1434.97366251,ask
1357040151482070,13.4,5.34938494,ask
1357040190821578,13.4,0.81,ask
1357040248669804,13.44217,2.22717149,bid
1357040344314800,13.4,2.30521,ask
1357040355719214,13.44217,0.35041675,bid
1357041149039558,13.44157,41.66930676,bid
1357042368830560,13.4,1169.76835447,ask
1357042368896563,13.4,0.99235746,ask
1357042368949162,13.4,149.2537,ask
1357042368989051,13.4,30.5,ask
1357042369065093,13.4,1.49,ask
1357042369106525,13.4,0.16,ask
1357042369147268,13.4,47.7122,ask
1357042644315558,13.39853,0.1,ask
1357042644374361,13.39354,0.1,ask
1357042644433243,13.391,0.1048,ask
1357042874856495,13.39101,2.77206018,ask
1357043730089022,13.391,1.6128,ask
1357043792770973,13.39001,0.9665,ask
1357043816615423,13.4,11.12338807,bid
1357043861545326,13.41764,2.22717149,bid
1357044083497947,13.4,8.87661193,ask
1357044083555636,13.39,10.0,ask
1357044083702113,13.38639,0.14659,ask
1357044083755522,13.38253,5.2307,ask
1357044083813047,13.381,3.0,ask
1357044083868235,13.38,44.0957,ask
1357044083937521,13.38,96.9357,ask
1357044083990287,13.38,21.676,ask
1357044085885776,13.37583,0.01,ask
1357044109595245,13.37583,37.30296411,ask
1357044109682750,13.37582,2.06687366,ask
1357044109737428,13.3737,0.10519414,ask
1357044109782399,13.3701,1.35289863,ask
1357044109835327,13.37,22.0,ask
1357044109918269,13.37,87.03635377,ask
1357044109965557,13.37,1.0,ask
1357044444641365,13.36884,0.43221942,ask
1357044453628043,13.36884,8.34551418,ask
1357044453733047,13.36883,5.78279,ask
1357044453796682,13.36505,0.12588117,ask
1357044453851487,13.3637,0.37,ask
1357044453913016,13.36148,0.09314629,ask
1357044453971102,13.3612,0.8981,ask
1357044454114031,13.36,80.66654291,ask
1357044454165144,13.36,0.21,ask
1357044454228655,13.36,154.75869951,ask
1357044624334389,13.36001,0.1,ask
1357044657784490,13.36001,15.24097676,ask
1357044657854902,13.36,183.21921815,ask
1357044741881288,13.36,11.22754491,ask
1357044827257669,13.37,0.1,bid
1357044827629971,13.38,0.1,bid
1357044827737688,13.39,0.1,bid
1357044827780756,13.4,0.1,bid
1357044827889705,13.417,20.0,bid
1357044827927436,13.41765,0.1,bid
1357044827990554,13.42265,0.1,bid
1357044828064522,13.43423,2.41814957,bid
1357044830071125,13.36001,0.01,ask
1357044836888356,13.43422,11.51765085,bid
1357044837645758,13.39849,0.01,ask
1357044838592833,13.39849,0.09,ask
1357044844405806,13.43986,23.01814957,bid
1357045777978133,13.3935,0.1,ask
1357045856998456,13.39,0.1,ask
1357045994838268,13.37588,0.1,ask
1357045994911512,13.37,0.1,ask
1357045994942661,13.3688,0.43,ask
1357045994979430,13.3659,0.1,ask
1357045995013850,13.3637,0.37,ask
1357045995079696,13.36,12.8998,ask
1357046058844312,13.36001,1.23189291,ask
1357046108879799,13.38995,6.77928745,bid
1357046292255420,13.36001,2.61,ask
1357046292431500,13.36001,0.67,ask
1357046292607242,13.36001,1.0,ask
1357046341775119,13.36001,3.53744069,ask
1357046360047048,13.36,1.0,ask
1357046625419890,13.36,0.2,bid
1357046625474091,13.38995,0.09293924,bid
1357046625524452,13.38996,0.1,bid
1357046625565356,13.39996,0.007403,bid
1357046680818226,13.36586,0.1,ask
1357046715383186,13.36585,0.1,bid
1357046837659355,13.36585,0.1,bid
1357046904236035,13.35742,0.1,ask
1357046998999673,13.36585,0.04,bid
1357047068263897,13.37584,0.1,ask
1357047477008644,13.37583,2.23546945,bid
1357047976574780,13.36582,0.1,ask
1357047976724843,13.35741,0.7419,ask
1357047977068969,13.35658,0.16669454,ask
1357047977159500,13.35595,0.08864114,ask
1357047977212779,13.35592,0.1,ask
1357047977257737,13.35582,0.08864199,ask
1357047977318727,13.3554,0.08864476,ask
1357047977356935,13.3545,0.08865075,ask
1357047977399239,13.35443,0.08865121,ask
1357047977438822,13.35437,0.08810576,ask
1357047977493186,13.35391,0.08810877,ask
1357047977552384,13.35354,0.11631345,ask
1357047977606115,13.3535,0.13,ask
1357047977638655,13.35348,0.12806854,ask
1357047977668799,13.35258,0.08811755,ask
1357047977749154,13.3525,200.0,ask
1357047977806777,13.35177,0.08812292,ask
1357047977844727,13.3516,3.18703346,ask
1357048161007436,13.37583,0.3394,bid
1357048366216294,13.37583,0.01,bid
1357048625966117,13.37583,7.1207323,bid
1357048740362786,13.37583,26.9142,bid
1357049109994535,13.35161,1.02654715,ask
1357049177005991,13.35161,12.0,ask
1357049231621501,13.35161,2.6855218,ask
1357049263688980,13.35161,0.42927743,ask
1357049263747551,13.3516,0.37787061,ask
1357049890095726,13.35161,19.58094688,ask
1357049890161698,13.3516,1.43509593,ask
1357049890216963,13.35127,0.08812619,ask
1357049890352839,13.351,0.2051,ask
1357049890425479,13.35012,0.14076486,ask
1357049890866415,13.35001,26.2172,ask
1357049893240918,13.35001,20.0,ask
1357049893344458,13.35001,2.01066,ask
1357049893659191,13.35,1.55473551,ask
1357049893792877,13.35,9.576397,ask
1357049893866677,13.35,50.0,ask
1357049894762542,13.35,0.15,ask
1357049894887323,13.35,0.6217,ask
1357049896295424,13.35,4.7252749,ask
1357049896835714,13.35,4.1,ask
1357049896915972,13.35,0.25,ask
1357049897266453,13.34913,0.08814034,ask
1357049898186075,13.34701,0.1,ask
1357049898358610,13.34617,0.20316464,ask
1357049898404168,13.34593,0.1,ask
1357049898454435,13.34566,0.0882491,ask
1357049898506315,13.34535,0.0881653,ask
1357049898556085,13.34514,0.08825251,ask
1357049898596351,13.34461,0.12286239,ask
1357049898651282,13.34386,0.08817513,ask
1357049898709320,13.34377,0.08826157,ask
1357049898747684,13.34338,0.08826419,ask
1357049898801274,13.3432,0.08826537,ask
1357049898840980,13.34287,0.15465624,ask
1357049898876781,13.34239,0.08827076,ask
1357049898917183,13.34212,0.10097602,ask
1357049898970743,13.34163,22.61342504,ask
1357049899005737,13.34116,0.03342447,ask
1357049899045515,13.34116,0.08819303,ask
1357049899120723,13.3404,1.4025,ask
1357049899162888,13.34016,0.08819959,ask
1357049899237300,13.34,100.0,ask
1357049899311821,13.34,10.0,ask
1357049899354754,13.33971,0.08828848,ask
1357049899636313,13.33935,0.08829084,ask
1357049899680272,13.33922,0.0882917,ask
1357049899720142,13.3392,0.08829183,ask
1357049900323730,13.3377,0.0814,ask
1357049901344129,13.33711,0.02886,ask
1357049901402196,13.33711,0.1,ask
1357049901462052,13.3362,4.3706,ask
1357049901588113,13.33595,0.1,ask
1357049902064364,13.33561,5.0,ask
1357049902109202,13.33485,0.1,ask
1357049902173188,13.33421,0.14911502,ask
1357049902213634,13.33407,0.08823988,ask
1357049902325802,13.33338,0.19982741,ask
1357049902386785,13.33312,0.12588117,ask
1357049902568295,13.33221,0.01343,ask
1357049902633063,13.33081,0.17005418,ask
1357049902768824,13.33,15.0,ask
1357049902868219,13.33,5.0,ask
1357049902976085,13.32991,0.13832276,ask
1357049903039541,13.32991,5.40124201,ask
1357049903215048,13.32777,9.50802122,ask
1357049903255251,13.32757,0.27500049,ask
1357049903304240,13.32722,0.1,ask
1357049903356384,13.32646,0.3841,ask
1357049903415296,13.32365,0.17386422,ask
1357049903448713,13.322,1.0,ask
1357049903493373,13.32061,0.19097099,ask
1357049903603320,13.32001,3.2483,ask
1357049903647304,13.32,1.0,ask
1357049903682927,13.32,1.0,ask
1357049903728795,13.32,1.0,ask
1357049903783914,13.32,2.625,ask
1357049903821896,13.32,5.0,ask
1357049903887551,13.32,612.37617567,ask
1357049903927386,13.3186,1.5242,ask
1357049904082331,13.31819,0.20576848,ask
1357049904222970,13.31777,102.89677401,ask
1357049904282534,13.31768,27.4,ask
1357049904333880,13.3174,0.2428648,ask
1357049904365981,13.31732,0.1,ask
1357049904488787,13.31565,0.22598741,ask
1357049904535777,13.3141,1.7591,ask
1357049904569492,13.31338,0.18684603,ask
1357049904647893,13.3125,20.78821558,ask
1357049904716240,13.3112,1.0,ask
1357049904763868,13.3112,0.04368134,ask
1357049904828373,13.3112,1500.0,ask
1357049904871499,13.31094,5.0,ask
1357049904928825,13.31,5.0,ask
1357049905018210,13.31,11.0,ask
1357049905068862,13.31,12.0,ask
1357049905133534,13.31,1.0,ask
1357049905184950,13.31,2.67775356,ask
1357049905237088,13.31,18.12494214,ask
1357049905309345,13.31,101.294,ask
1357049908301618,13.31,0.20979389,bid
1357049909544378,13.30901,0.01,ask
1357049952088148,13.31,1.45,bid
1357049952875697,13.30901,0.01,ask
1357049999333877,13.31,25.0,bid
1357050000855805,13.30901,0.01,ask
1357050028024861,13.30901,143.56066072,ask
1357050029906548,13.309,22.05192571,ask
1357050125084941,13.309,10.77539184,ask
1357050310100253,13.3084,0.01009049,ask
1357050310832531,13.3084,0.01017447,ask
1357050310976333,13.30839,0.20573935,ask
1357050402556352,13.3081,1.0,ask
1357050402626609,13.3081,1.0,ask
1357050402666818,13.3081,1.0,ask
1357050592800114,13.308,1.0,ask
1357050592870520,13.30743,0.1,ask
1357050592934139,13.30619,0.1337305,ask
1357050592967735,13.306,0.3539298,ask
1357050593026621,13.30545,0.17956767,ask
1357050593091904,13.30442,5.0,ask
1357050593142820,13.30315,0.23020948,ask
1357050593213462,13.30232,6.42979,ask
1357050593254676,13.3015,5.0,ask
1357050593444215,13.30085,0.51119,ask
1357050593510785,13.30084,0.02171,ask
1357050593566015,13.30001,2.01066,ask
1357050593623288,13.3,75.18796992,ask
1357050593720750,13.3,1.0,ask
1357050593786243,13.3,20.0,ask
1357050593832128,13.3,18.48822481,ask
1357050593875808,13.3,100.0,ask
1357050593926517,13.3,20.34273684,ask
1357050594085835,13.3,2.0,ask
1357050594148675,13.3,13.3083,ask
1357050594182669,13.3,1.0,ask
1357050594269457,13.3,3.0,ask
1357050594365910,13.3,0.2,ask
1357050594433766,13.3,5.0,ask
1357050594492885,13.3,5.0,ask
1357050595451968,13.3,2.22,ask
1357050598106466,13.3,10.12,ask
1357050599078776,13.3,7.0,ask
1357050599716981,13.3,1.5038,ask
1357050600445235,13.3,0.02343759,ask
1357050601282737,13.29859,0.20571009,ask
1357050601457361,13.29754,0.1,ask
1357050601546130,13.2971,0.03235,ask
1357050601603055,13.29382,0.2290948,ask
1357050601953081,13.29266,0.01082596,ask
1357050602205532,13.291,0.6,ask
1357050602676196,13.29091,5.0387,ask
1357050603022880,13.28946,50.0,ask
1357050603325719,13.2893,0.2042867,ask
1357050603400268,13.2888,0.0100911,ask
1357050604968923,13.2888,0.01017629,ask
1357050605456658,13.28879,0.20568086,ask
1357050605587912,13.28782,0.25150495,ask
1357050605638096,13.28764,0.1,ask
1357050605697172,13.28717,0.25187316,ask
1357050605737395,13.28555,0.32198114,ask
1357050608956812,13.28341,45.1691,ask
1357050610379612,13.283,5.0,ask
1357050610605011,13.28291,0.08846,ask
1357050611217536,13.28074,0.24763139,ask
1357050611365491,13.28012,0.16142308,ask
1357050611450633,13.28,16.0,ask
1357050611708568,13.28,1.09493886,ask
1357050615413141,13.28,5.87723268,ask
1357050615466854,13.27899,0.20565161,ask
1357050615567812,13.27896,5.0,ask
1357050615608772,13.278,10.0,ask
1357050615644252,13.27794,0.27502786,ask
1357050615711029,13.27775,0.1,ask
1357050616520840,13.27731,17.22,ask
1357050616809893,13.27366,0.23861301,ask
1357050617067930,13.2735,0.25,ask
1357050617134299,13.2735,0.03832973,ask
1357050618012085,13.2735,0.03353852,ask
1357050618942921,13.27,629.71657083,ask
1357050675846525,13.30165,0.1,bid
1357050723356677,13.30165,0.34889336,ask
1357050766290913,13.27772,37.68684571,ask
1357050789971512,13.27772,34.29501978,ask
1357050804291600,13.27772,22.42644871,ask
1357050804348650,13.27771,0.1,ask
1357050896803053,13.2777,7.0,bid
1357051061778951,13.27001,2.5,ask
1357051091496896,13.30161,0.1,bid
1357051091717951,13.30165,0.65110664,bid
1357051091770469,13.30809,1.5079295,bid
1357051332516646,13.30809,26.4054562,bid
1357051387535371,13.31155,7.8,bid
1357051749388090,13.3081,0.07566444,ask
1357051749443329,13.27767,0.04933556,ask
1357052006531477,13.27767,0.05066444,ask
1357052070241151,13.27001,0.27100916,ask
1357052070480716,13.27001,28.77973098,ask
1357052081588553,13.30157,0.1,bid
1357052081895250,13.31156,0.1,bid
1357052081934913,13.32148,0.1,bid
1357052081971218,13.33138,0.1,bid
1357052082014079,13.34129,0.1,bid
1357052082053729,13.35121,0.1,bid
1357052082091785,13.35885,0.1,bid
1357052082126600,13.35995,0.1,bid
1357052082173226,13.36112,0.1,bid
1357052083303373,13.27002,12.43,ask
1357052083602284,13.27,13.75954988,ask
1357052087658334,13.33707,0.1,ask
1357052094240714,13.3359,0.1,ask
1357052094280843,13.3348,0.1,ask
1357052094321886,13.32718,0.1,ask
1357052094371804,13.31728,0.1,ask
1357052094417491,13.30738,0.1,ask
1357052094462389,13.2975,0.1,ask
1357052094506306,13.2876,0.1,ask
1357052094546723,13.27763,0.1,ask
1357052094632781,13.27,8.31,ask
1357052103582910,13.30153,0.1,bid
1357052103639655,13.31152,0.1,bid
1357052103684547,13.32144,0.1,bid
1357052103748502,13.34125,0.1,bid
1357052103786831,13.35117,0.1,bid
1357052103832189,13.35117,0.1,bid
1357052103958713,13.3578,35.1081359,bid
1357052104874135,13.27,23.83248589,ask
1357052118248550,13.32714,0.1,ask
1357052118294359,13.32714,0.1,ask
1357052118877121,13.31724,0.1,ask
1357052118924984,13.29746,0.1,ask
1357052118981387,13.28756,0.1,ask
1357052119022118,13.27759,0.1,ask
1357052119099356,13.27,21.28755234,ask
1357052132218278,13.27,19.73566731,ask
1357052144612265,13.27002,15.84847196,ask
1357052144683116,13.27,2.11098079,ask
1357052154176343,13.30149,0.1,bid
1357052154220187,13.31148,0.1,bid
1357052154271298,13.3214,0.1,bid
1357052154316734,13.34121,0.1,bid
1357052154354790,13.35113,0.1,bid
1357052154405342,13.35113,0.1,bid
1357052154450600,13.3588,0.1,bid
1357052154492193,13.3588,0.1,bid
1357052154534015,13.36108,0.1,bid
1357052197131873,13.36018,3.59325622,bid
1357052230050021,13.36018,1.6505521,bid
1357052377486619,13.35691,32.1647024,bid
1357053418973566,13.33703,0.04506459,ask
1357053581990089,13.35691,29.947,bid
1357053590670649,13.33703,0.05493541,ask
1357053590729124,13.33475,0.1,ask
1357053590772320,13.33475,0.1,ask
1357053590812330,13.3271,0.1,ask
1357053590859515,13.3271,0.1,ask
1357053590900323,13.3172,0.1,ask
1357053590966471,13.3156,0.23,ask
1357053591000868,13.3016,0.1,ask
1357053591034970,13.3,1.0,ask
1357053591071265,13.2986,0.21,ask
1357053591104894,13.29742,0.1,ask
1357053591277446,13.2878,0.25,ask
1357053591314865,13.28752,0.1,ask
1357053591368295,13.28,1.0,ask
1357053591404911,13.27755,0.1,ask
1357053591502625,13.27681,0.335,ask
1357053591544787,13.2737,0.02235802,ask
1357053731719559,13.2737,0.21764198,ask
1357053731781086,13.27101,2.44404506,ask
1357053736250703,13.27102,14.51298974,ask
1357053958905717,13.30145,0.1,bid
1357053958949990,13.30145,0.1,bid
1357053959000305,13.32136,0.1,bid
1357053959064936,13.34117,0.1,bid
1357053959107763,13.34117,0.1,bid
1357053959145147,13.35109,0.1,bid
1357053959188052,13.35109,0.1,bid
1357053959244958,13.35692,20.23072879,bid
1357053959288840,13.35875,0.1,bid
1357053959337390,13.36,9.34705131,bid
1357053959524521,13.36,12.96981531,bid
1357053959602257,13.36085,7.15466456,bid
1357053969962237,13.3347,0.1,ask
1357053970399913,13.3347,0.1,bid
1357054002540542,13.32706,0.1,ask
1357054002634066,13.32706,0.1,ask
1357054045955857,13.31716,0.1,ask
1357054137852585,13.29738,0.1,ask
1357054138004913,13.29738,0.1,ask
1357054138202189,13.27751,0.1,ask
1357054139144271,13.27101,1.8282,ask
1357054172804199,13.27101,15.69835133,ask
1357054238070277,13.27101,0.70089828,ask
1357054333108189,13.30141,0.1,bid
1357054365535572,13.32131,0.47775931,bid
1357054605046245,13.32131,37.5338,bid
1357054625646159,13.32131,10.0,bid
1357054711220962,13.32131,2.25225225,bid
1357054726635665,13.27747,0.1,ask
1357054759085654,13.27746,2.52944039,bid
1357054773193631,13.30137,0.1,bid
1357054773337709,13.32132,0.1,bid
1357054773374454,13.32132,0.1,bid
1357054773436502,13.34113,0.1,bid
1357054773484745,13.34113,0.1,bid
1357054773523051,13.35105,0.1,bid
1357054773562150,13.35105,0.1,bid
1357054773604403,13.3587,0.1,bid
1357054773658811,13.36104,0.1,bid
1357054773693069,13.37103,0.1,bid
1357054773728371,13.37996,0.1,bid
1357054773772713,13.37996,0.1,bid
1357054773918384,13.38554,13.0954289,bid
1357054779651023,13.33699,0.1,ask
1357054787152580,13.35588,0.1,ask
1357054787488053,13.35588,0.1,bid
1357054900758748,13.36099,5.5435971,bid
1357055108267092,13.36099,35.8330628,bid
1357055167807038,13.36099,35.8148626,bid
1357055250990296,13.36099,0.36471997,bid
1357055447506015,13.36099,0.5,bid
1357055483166885,13.34696,0.0988,ask
1357055625457920,13.36099,0.1,bid
1357055633658535,13.36099,12.5084965,bid
1357055762236692,13.36099,10.0,bid
1357056044342795,13.36099,0.28709,bid
1357056275924683,13.36099,6.7897048,bid
1357056292297607,13.34696,0.0012,ask
1357056292359226,13.33465,0.1,ask
1357056292397069,13.32702,0.1,ask
1357056292447251,13.32702,0.1,ask
1357056292494381,13.31712,0.1,ask
1357056292545653,13.31712,0.1,ask
1357056292580439,13.29734,0.1,ask
1357056292615828,13.29734,0.1,ask
1357056292670913,13.27777,29.2707,ask
1357056292708170,13.27747,17.47055961,ask
1357056292744838,13.27743,0.1,ask
1357056292820463,13.27101,6.13632858,ask
1357056379548690,13.27521,8.699,ask
1357056391388607,13.27521,14.28459235,ask
1357056405173599,13.27621,12.99897413,ask
1357056435125824,13.27102,1.20608263,ask
1357056447624459,13.27102,2.68506269,ask
1357056577325027,13.30132,7.36768982,bid
1357056716371512,13.30132,12.0,bid
1357056812267736,13.27102,13.11502208,ask
1357056812327727,13.27101,66.88497792,ask
1357056900451510,13.3013,2.63973596,bid
1357057246730290,13.3013,20.0135944,bid
1357057732597617,13.30129,12.0,bid
1357057784951047,13.30129,17.8683039,bid
1357057893530975,13.30129,0.1,bid
1357057895575197,13.285,15.0,ask
1357057895630751,13.28,1.0,ask
1357057895698867,13.27101,50.3,ask
1357058191695968,13.27102,7.00253292,ask
1357058308530691,13.30129,18.0452,bid
1357058325907062,13.30129,2.2556391,bid
1357058641755411,13.30132,15.7235184,bid
1357058712316644,13.27112,11.82812186,ask
1357058727708049,13.27114,10.76358476,ask
1357058739828325,13.27114,1.52413561,ask
1357058739892928,13.27113,8.27072202,ask
1357058752600041,13.3,8.91331472,ask
1357058765706216,13.3,8.11111148,ask
1357058781061683,13.3,7.3811049,ask
1357058980825787,13.30131,23.685,bid
1357059014366021,13.30131,14.2954289,bid
1357059112732674,13.30131,0.1,bid
1357059239149838,13.30131,11.2583,bid
1357059465091902,13.30131,3.0735209,bid
1357059523490206,13.30131,3.96756897,bid
1357059625865976,13.30133,0.1,bid
1357059625945339,13.32128,0.1,bid
1357059626229353,13.32128,0.1,bid
1357059626282914,13.34109,0.1,bid
1357059626610188,13.34109,0.1,bid
1357059627993859,13.35,33.8090435,bid
1357059647846337,13.31709,0.01,ask
1357059675929327,13.31709,2.62389754,ask
1357059726907511,13.35,16.1909565,bid
1357059726969837,13.35,8.8237337,bid
1357059729156725,13.31709,0.01,ask
1357059821214092,13.35,7.147063,bid
1357059824649513,13.31709,0.01,ask
1357059908820324,13.35,9.9066653,bid
1357059908883299,13.35101,0.1,bid
1357059908937831,13.35101,0.1,bid
1357059908973702,13.35865,0.1,bid
1357059909009540,13.361,0.1,bid
1357059909046914,13.37098,0.1,bid
1357059909083731,13.37992,0.1,bid
1357059909119449,13.37992,0.1,bid
1357059909569793,13.38888,24.8463345,bid
1357059912432309,13.31709,0.01,ask
1357059917548858,13.38887,3.47724047,bid
1357059917813759,13.38888,31.90068603,bid
1357059920633876,13.35584,0.01,ask
1357059924533619,13.38888,3.17587947,bid
1357059924573507,13.38988,0.1,bid
1357059924619288,13.39992,0.1,bid
1357059924682759,13.40013,32.07351463,bid
1357059925153341,13.35585,0.01,ask
1357059927837233,13.3758,0.1,ask
1357059927890229,13.36579,2.9,ask
1357059968172615,13.3658,2.2544879,ask
1357059988037356,13.3658,4.0,ask
1357060078391902,13.36582,20.23072879,ask
1357060078837690,13.36582,6.3355878,ask
1357060078898897,13.36581,10.0,ask
1357060078965058,13.36578,0.1,ask
1357060079007410,13.35584,0.09,ask
1357060079076288,13.35584,0.1,ask
1357060079115314,13.34691,0.1,ask
1357060079153823,13.33695,0.1,ask
1357060079199846,13.3346,0.1,ask
1357060079416970,13.32798,59.9424,ask
1357060079459066,13.32698,0.1,ask
1357060079497318,13.32698,0.1,ask
1357060079536060,13.31708,0.1,ask
1357060079574443,13.31708,0.1,ask
1357060079658836,13.30389,5.811,ask
1357060079701865,13.30389,1.0,ask
1357060079745076,13.30001,0.0209372,ask
1357060079789294,13.3,25.5944689,ask
1357060079851859,13.3,18.797,ask
1357060079895982,13.2973,0.1,ask
1357060079947173,13.2973,0.1,ask
1357060079987866,13.27739,0.1,ask
1357060080043253,13.27101,120.8951935,ask
1357060080080574,13.271,1.0,ask
1357060080155251,13.27,846.01082215,ask
1357060080230363,13.27,2.93258457,ask
1357060080324000,13.27,3.05,ask
1357060080559595,13.27,16.3052,ask
1357060080658059,13.27,398.0,ask
1357060080714238,13.27,30.0,ask
1357060080754659,13.27,1.0,ask
1357060080805624,13.27,962.0,ask
1357060081602798,13.2692,0.01008141,ask
1357060082003488,13.2692,0.01017573,ask
1357060082527901,13.26919,0.51102239,ask
1357060082682600,13.26896,0.01251411,ask
1357060082761548,13.2683,0.45,ask
1357060082836725,13.268,0.25,ask
1357060082894959,13.26785,0.1,ask
1357060082962721,13.26733,7.86784,ask
1357060083016940,13.26733,0.0065469,ask
1357060083079852,13.267,5.0,ask
1357060083120659,13.26588,0.1,ask
1357060083937848,13.26545,0.27523498,ask
1357060084499510,13.26406,0.28102866,ask
1357060084723215,13.26354,0.29975374,ask
1357060084759879,13.26314,0.62091214,ask
1357060084794205,13.26291,0.1,ask
1357060087255427,13.262,0.19,ask
1357060087324650,13.262,73.92969582,ask
1357060087655286,13.39987,0.10624892,bid
1357060091074280,13.35236,0.01,ask
1357060097486108,13.35236,0.1,ask
1357060098503222,13.35236,0.1,ask
1357060099268368,13.35237,0.1,ask
1357060099485813,13.35237,0.1,ask
1357060100522864,13.35237,0.1,ask
1357060100972908,13.35237,0.1,ask
1357060101520126,13.35237,0.1,ask
1357060104298717,13.35236,0.1,ask
1357060105299869,13.35237,0.1,ask
1357060126771764,13.3586,0.1,bid
1357060135770368,13.35861,4.11676075,ask
1357060189722779,13.36096,0.1,bid
1357060269505753,13.37,0.01,ask
1357060269948475,13.36096,1.69586466,ask
1357060270184217,13.35861,229.44893925,ask
1357060270256566,13.35236,19.73323966,ask
1357060271161117,13.33691,0.1,ask
1357060271453347,13.33455,0.1,ask
1357060271927912,13.32694,0.1,ask
1357060272208624,13.31704,0.1,ask
1357060272259426,13.31704,0.1,ask
1357060272483082,13.29826,59.9701,ask
1357060272558745,13.29726,0.1,ask
1357060272610891,13.29726,0.1,ask
1357060272923407,13.27735,0.1,ask
1357060273655033,13.2678,0.1,ask
1357060274501147,13.26584,0.1,ask
1357060274557214,13.26286,0.1,ask
1357060275055347,13.262,6.07030418,ask
1357060276731612,13.2614,5.065,ask
1357060277064680,13.261,100.0,ask
1357060280347493,13.26,1.1,ask
1357060280412911,13.26,13.0,ask
1357060280481918,13.26,1.0,ask
1357060280612484,13.25939,0.51099317,ask
1357060281076815,13.25769,0.33332781,ask
1357060281161147,13.25721,0.04322,ask
1357060281457859,13.25707,0.29855308,ask
1357060282461372,13.25666,0.4036,ask
1357060282701813,13.25614,0.1,ask
1357060282894089,13.25536,0.09936,ask
1357060282945743,13.25511,0.30552891,ask
1357060283867032,13.2538,0.11,ask
1357060285604743,13.25162,0.01765,ask
1357060285801152,13.25127,0.46627169,ask
1357060285913481,13.2501,3.0,ask
1357060285968253,13.25001,5.0,ask
1357060286043412,13.25001,20.0,ask
1357060286248187,13.25001,2.01066,ask
1357060287146537,13.25,4.54,ask
1357060296976761,13.25,1.02669558,ask
1357060297100307,13.25,0.25,ask
1357060297305894,13.25,377.35849056,ask
1357060297354638,13.25,7.5472,ask
1357060297519989,13.25,3.94080301,ask
1357060297718588,13.25,5.0,ask
1357060297767680,13.25,3.34596452,ask
1357060298012553,13.25,15.0943,ask
1357060298394776,13.25,0.7894,ask
1357060298533919,13.25,35.0,ask
1357060298597664,13.25,3.0189,ask
1357060298672560,13.25,2.0,ask
1357060299017535,13.25,0.1,ask
1357060299103612,13.25,1.00525283,ask
1357060299156782,13.25,5.7223,ask
1357060299211260,13.25,1.0,ask
1357060300162736,13.2496,0.01008161,ask
1357060300531086,13.2496,0.01017739,ask
1357060300659261,13.24959,0.20556395,ask
1357060300956565,13.24911,0.19963,ask
1357060301026475,13.2472,1.7484,ask
1357060301105167,13.24711,0.08389965,ask
1357060301249325,13.24683,0.03453,ask
1357060301362093,13.24683,0.10047,ask
1357060301409213,13.2464,0.1,ask
1357060301501576,13.24547,0.12778,ask
1357060301552193,13.24525,5.0,ask
1357060301620352,13.24497,0.604,ask
1357060302334080,13.24496,0.01004,ask
1357060302377998,13.24387,0.08392021,ask
1357060302413280,13.24367,0.32534929,ask
1357060302530670,13.24336,0.18622,ask
1357060303013960,13.24258,0.09579,ask
1357060303058781,13.2422,1.7591,ask
1357060303097946,13.24199,0.33617302,ask
1357060303243924,13.24174,0.01427,ask
1357060303344945,13.2413,1.5682,ask
1357060303395494,13.24,10.0,ask
1357060303429986,13.24,0.55181117,ask
1357060303529593,13.24,1.25,ask
1357060303745190,13.23979,0.51096365,ask
1357060303894007,13.2377,6.48036,ask
1357060304116832,13.23669,0.29896101,ask
1357060304471885,13.23666,0.1,ask
1357060304510252,13.23617,0.26814102,ask
1357060304842771,13.23495,5.0,ask
1357060305344764,13.23444,0.0414,ask
1357060305382377,13.23437,0.3308541,ask
1357060307368109,13.23201,0.0134,ask
1357060307413399,13.23193,5.048,ask
1357060308042107,13.231,15.0,ask
1357060308895931,13.23091,0.39625595,ask
1357060309843792,13.23,15.1172,ask
1357060310229338,13.23,10.0,ask
1357060310385655,13.23,0.01009048,ask
1357060310477202,13.23,0.0101791,ask
1357060311076163,13.23,1.089096,ask
1357060311115678,13.23,5.0,ask
1357060313356643,13.22999,0.50903848,ask
1357060313722881,13.22904,0.01364413,ask
1357060313761592,13.22692,0.1,ask
1357060313806304,13.22515,0.01560242,ask
1357060313846289,13.22429,0.01334759,ask
1357060313920092,13.22405,0.36683658,ask
1357060314195731,13.22374,38.94852666,ask
1357060314584413,13.22324,0.01301532,ask
1357060314668554,13.22151,0.331,ask
1357060314708842,13.22045,5.0525,ask
1357060314745465,13.22019,0.50903851,ask
1357060315031249,13.22,0.25,ask
1357060315969467,13.22,2.0,ask
1357060316042382,13.22,6.0,ask
1357060316100344,13.21964,0.01117,ask
1357060316146941,13.21857,0.19531,ask
1357060316225543,13.21816,0.91,ask
1357060316263681,13.21769,0.35731092,ask
1357060316305415,13.21744,0.0465,ask
1357060316348507,13.21718,0.1,ask
1357060316394579,13.21718,0.35746544,ask
1357060316427431,13.21577,89.913,ask
1357060316466568,13.21477,0.02045462,ask
1357060316505463,13.21243,0.35517423,ask
1357060316542144,13.21101,41.3238579,ask
1357060316587784,13.21101,0.02948506,ask
1357060316653602,13.21101,0.02579942,ask
1357060316693408,13.21101,0.0225745,ask
1357060316740476,13.211,1000.0,ask
1357060316772676,13.2104,0.01009068,ask
1357060316862537,13.2104,0.01018091,ask
1357060316954044,13.21039,0.50903854,ask
1357060317392630,13.21,20.33743704,ask
1357060317550283,13.21,100.0,ask
1357060317596213,13.21,5.0,ask
1357060317641259,13.21,7.97350492,ask
1357060317695205,13.21,59.4809788,ask
1357060317727233,13.21,1.63441408,ask
1357060317900307,13.21,2.51023618,ask
1357060318022116,13.21,40.3482,ask
1357060318080965,13.20905,5.0424,ask
1357060318127270,13.2078,3.7856,ask
1357060318181434,13.20744,0.1,ask
1357060318267197,13.20688,0.09847,ask
1357060318368445,13.20585,1.11025,ask
1357060318411965,13.20495,5.0365,ask
1357060318500963,13.2038,0.0319,ask
1357060318563665,13.20361,12.0561,ask
1357060318742782,13.20332,0.03344,ask
1357060318861354,13.20332,0.02516,ask
1357060318978123,13.20332,41.6562,ask
1357060319044724,13.2019,12.3352,ask
1357060319081547,13.20111,10.0,ask
1357060319152025,13.201,6.1054,ask
1357060319190362,13.20059,0.50903857,ask
1357060319312948,13.20045,100.0,ask
1357060319375146,13.20011,39.0,ask
1357060319487344,13.2001,75.7575,ask
1357060319549970,13.20006,6.74090496,ask
1357060319656936,13.20001,21.50754961,ask
1357060319728896,13.20001,5.0,ask
1357060319811640,13.2,5.0,ask
1357060319848897,13.2,0.4,ask
1357060319903857,13.2,20.0,ask
1357060319954161,13.2,1.5152,ask
1357060320015812,13.2,10.0,ask
1357060320093083,13.2,20.5,ask
1357060320183219,13.2,0.05728409,ask
1357060320233797,13.2,5.0,ask
1357060320395367,13.2,2.43293712,ask
1357060320432362,13.2,7.5758,ask
1357060320569787,13.2,10.18073409,ask
1357060320943894,13.2,443.0394,ask
1357060321065487,13.2,2.0,ask
1357060321207467,13.2,10.40367878,ask
1357060321298423,13.2,50.0,ask
1357060321357486,13.2,7.0,ask
1357060321516804,13.2,67.28,ask
1357060322477383,13.2,100.0,ask
1357060322583287,13.2,117.39981969,ask
1357060322700342,13.2,7.5758,ask
1357060322999231,13.2,10.0,ask
1357060323300216,13.2,4.28520917,ask
1357060337087850,13.3705,0.01,bid
1357060337278505,13.37093,0.1,bid
1357060337412094,13.37988,0.1,bid
1357060337460485,13.37988,0.1,bid
1357060338009673,13.37988,0.1,bid
1357060339751401,13.38984,0.1,bid
1357060339870384,13.39988,0.1,bid
1357060341548214,13.41,0.36744361,bid
1357060389113715,13.22248,0.35530868,ask
1357060389169105,13.20614,0.38859309,ask
1357060389458468,13.20474,0.36782167,ask
1357060389499511,13.20031,0.39428495,ask
1357060392375753,13.20002,19.37,ask
1357060392427578,13.2,5.71479083,ask
1357060392664592,13.2,0.3759356,ask
1357060392737368,13.2,0.426,ask
1357060393761949,13.2,21.39120833,ask
1357060394646763,13.2,26.7258,ask
1357060395173727,13.2,30.0,ask
1357060395253468,13.2,2.0,ask
1357060395823624,13.19998,0.42815347,ask
1357060395962938,13.19889,0.0227,ask
1357060398151913,13.1977,0.1,ask
1357060398687163,13.19566,0.31771093,ask
1357060399283602,13.19537,9.3202,ask
1357060399711336,13.1922,0.01506994,ask
1357060404261139,13.1908,0.01009088,ask
1357060408445275,13.1908,0.01018273,ask
1357060409436229,13.19079,0.5090386,ask
1357060411882820,13.19,3.0,ask
1357060414225173,13.19,7.5815,ask
1357060414589828,13.18796,0.1,ask
1357060414754182,13.18468,0.41964172,ask
1357060415048916,13.18429,0.37820393,ask
1357060415123820,13.18393,0.13852,ask
1357060415524305,13.18099,0.50903862,ask
1357060415941812,13.18038,0.42171234,ask
1357060417597777,13.18,2.24234563,ask
1357060417678656,13.18,37.04066767,ask
1357060417765184,13.18,3.6042,ask
1357060418107246,13.17822,0.1,ask
1357060418282129,13.17779,0.04979,ask
1357060418774238,13.1766,1.7484,ask
1357060419142036,13.175,7.0,ask
1357060419251903,13.175,7.5901,ask
1357060419524505,13.17335,0.1,ask
1357060419845633,13.17324,0.90299039,ask
1357060441989447,13.2,0.1,bid
1357060445106375,13.2,0.1,bid
1357060448511706,13.2,0.1,bid
1357060450901685,13.2,0.1,bid
1357060451933503,13.2,0.1,bid
1357060453414828,13.2,0.1,bid
1357060463871520,13.2,0.07837,bid
1357060483301308,13.2,0.10055,bid
1357060486848603,13.2,0.03456,bid
1357060492829216,13.1768,0.00508085,ask
1357060532816290,13.19706,0.1,bid
1357060568151613,13.2,0.01,ask
1357060580059383,13.20194,0.1,bid
1357060580109543,13.2117,0.1,bid
1357060580176410,13.22146,0.1,bid
1357060580214422,13.23121,0.1,bid
1357060606470876,13.23998,6.64285099,ask
1357060617404287,13.23998,6.04498745,ask
1357060634431141,13.24097,0.1,bid
1357060644255943,13.25073,0.1,bid
1357060644493456,13.26049,0.1,bid
1357060645056716,13.26211,6.973626,bid
1357060650801441,13.24098,0.01,bid
1357060747800076,13.27024,0.1,bid
1357060747851064,13.28,0.1,bid
1357060747892239,13.28673,0.1,bid
1357060747931558,13.28673,0.1,bid
1357060747983147,13.28972,0.1,bid
1357060748040464,13.29168,0.1,bid
1357060748078910,13.29168,0.1,bid
1357060748117472,13.3212,0.1,bid
1357060748155047,13.3212,0.1,bid
1357060748357944,13.32651,0.1,bid
1357060750763324,13.27026,0.01,ask
1357060787260754,13.32751,8.6083512,bid
1357060787757157,13.29723,0.01,ask
1357060845869186,13.29723,5.93,ask
1357060865670875,13.33132,0.06873,bid
1357060931777785,13.33133,0.64081586,ask
1357060964455154,13.29723,15.35918414,ask
1357061112694581,13.33297,10.760439,bid
1357061139972106,13.29723,2.06,ask
1357061161425902,13.33297,0.68149632,bid
1357061211655644,13.3275,9.7597209,bid
1357061233147721,13.3275,0.01918139,bid
1357061297778542,13.3275,7.50328268,bid
1357061370285083,13.30001,4.09824972,ask
1357061384487108,13.30001,3.72940152,ask
1357061396678840,13.30001,3.39375006,ask
1357061407927298,13.30001,12.44863617,ask
1357061521571981,13.29723,3.40579878,ask
1357061521637787,13.29722,0.1,ask
1357061521692386,13.29722,0.1,ask
1357061521739758,13.26775,0.1,ask
1357061521780034,13.2658,0.1,ask
1357061521820789,13.26281,0.1,ask
1357061521862055,13.26281,0.1,ask
1357061521900394,13.2561,0.1,ask
1357061521950721,13.24635,0.1,ask
1357061521998584,13.23997,1.75,ask
1357061522037939,13.23662,0.1,ask
1357061522081726,13.23662,0.1,ask
1357061522125774,13.22688,0.1,ask
1357061522169581,13.21984,0.01579822,ask
1357061522218503,13.21983,0.12588117,ask
1357061522263166,13.21714,0.1,ask
1357061522303276,13.21714,0.1,ask
1357061522340013,13.20739,0.1,ask
1357061522398114,13.20519,0.12588117,ask
1357061522444471,13.20195,20.72800449,ask
1357061561017490,13.23116,0.1,bid
1357061615909667,13.23122,0.01,ask
1357061622854023,13.23122,0.01,ask
1357061631313454,13.24093,0.00995624,bid
1357061632684181,13.23122,0.01,ask
1357061660342994,13.23122,0.01,ask
1357061667858985,13.23122,0.01,ask
1357061718801142,13.24093,0.09004376,bid
1357061718853666,13.24093,0.1,bid
1357061737400940,13.24094,10.0001,ask
1357061755197765,13.24094,0.14828856,ask
1357061813014842,13.25069,0.1,bid
1357061823852163,13.25071,0.00087106,ask
1357061830325368,13.25071,3.08813624,ask
1357061849229671,13.25071,2.81019539,ask
1357061868666459,13.25071,2.55727044,ask
1357061876544471,13.26045,0.1,bid
1357061876596108,13.26045,0.1,bid
1357061877506664,13.26046,0.01,ask
1357061885531737,13.26046,2.32711037,ask
1357061887953882,13.27019,0.1,bid
1357061888005126,13.27996,0.1,bid
1357061888041885,13.28668,0.1,bid
1357061888081612,13.28668,0.1,bid
1357061888146249,13.28968,0.1,bid
1357061888188843,13.29163,0.1,bid
1357061888227846,13.32115,0.1,bid
1357061888273312,13.32115,0.1,bid
1357061888316152,13.33298,0.02081158,bid
1357061888377049,13.33347,5.61392872,bid
1357061900837299,13.29717,0.1,ask
1357061900877444,13.29717,0.1,ask
1357061900921943,13.26576,0.1,ask
1357061900973584,13.26276,0.1,ask
1357061901034643,13.26276,0.1,ask
1357061901079045,13.26045,0.24889336,ask
1357061901120972,13.2507,0.86351654,ask
1357061944539088,13.26773,0.01,bid
1357061944605975,13.28663,0.1,bid
1357061944645598,13.28663,0.1,bid
1357061944689994,13.28964,0.1,bid
1357061944732345,13.3211,0.1,bid
1357061944777897,13.3211,0.1,bid
1357061944831606,13.33,1.7456391,bid
1357061966703126,13.29712,0.01,ask
1357061998419252,13.29712,0.09,ask
1357061998471203,13.29712,0.1,ask
1357061998518724,13.29712,0.1,ask
1357062063653283,13.26774,0.01,bid
1357062244440017,13.26772,0.74994046,ask
1357062649791767,13.31997,1.4347252,bid
1357062745110969,13.30996,26.32889204,bid
1357062806702813,13.29996,0.89186596,bid
1357062808030724,13.29996,34.83851414,bid
1357062865055976,13.31997,34.83851414,bid
1357062967043585,13.31997,14.3579277,bid
1357063081265332,13.31997,2.8715815,bid
1357063163841837,13.27001,0.01,ask
1357063182400361,13.31997,11.06694927,bid
1357063182452611,13.31998,0.01570343,bid
1357063219459351,13.32105,0.1,bid
1357063219509075,13.32105,0.1,bid
1357063219543328,13.32105,0.1,bid
1357063245180832,13.32105,2.68291612,ask
1357063249660142,13.32105,1.52167523,ask
1357063289928502,13.32105,1.87984,ask
1357063303698286,13.32105,0.14953719,ask
1357063308316516,13.32105,0.98497011,ask
1357063358515393,13.32105,0.02668604,ask
1357063370637103,13.32105,26.49156485,ask
1357063370683823,13.31998,7.6663473,ask
1357063370738555,13.29707,0.1,ask
1357063370790128,13.29707,0.1,ask
1357063370835965,13.29707,0.1,ask
1357063370884242,13.26771,0.1,ask
1357063370922918,13.26771,0.1,ask
1357063370979074,13.26572,0.1,ask
1357063371021108,13.26271,0.1,ask
1357063371078429,13.26045,5.0,ask
1357063371118836,13.25606,0.1,ask
1357063371153764,13.2507,4.03648346,ask
1357063371194275,13.2463,0.1,ask
1357063371245537,13.23762,0.01,ask
1357063371289957,13.23675,0.01,ask
1357063371336499,13.23669,0.01,ask
1357063371380918,13.23658,0.1,ask
1357063371422720,13.23588,0.01,ask
1357063371480947,13.23588,0.01,ask
1357063371523916,13.23587,0.01,ask
1357063371575630,13.23587,0.01,ask
1357063371617142,13.23351,0.01,ask
1357063371658630,13.23351,0.01,ask
1357063371697655,13.2335,0.01,ask
1357063371757852,13.2335,0.01,ask
1357063371802489,13.23335,0.01,ask
1357063371861384,13.23335,0.01,ask
1357063371906784,13.23334,0.01,ask
1357063371963514,13.23334,0.01,ask
1357063372003918,13.23208,0.01,ask
1357063372048856,13.23208,0.01,ask
1357063372099944,13.23181,0.01,ask
1357063372160584,13.23181,0.01,ask
1357063372202403,13.23149,0.01,ask
1357063372244371,13.23149,0.01,ask
1357063372289181,13.2311,0.01,ask
1357063372338869,13.2311,0.01,ask
1357063372377556,13.23097,0.01,ask
1357063372419158,13.23088,0.01,ask
1357063372459799,13.23069,0.01,ask
1357063372501754,13.22872,0.01,ask
1357063372566958,13.22871,0.01,ask
1357063372618370,13.22869,0.01,ask
1357063372659837,13.22868,0.01,ask
1357063372710438,13.22755,0.01,ask
1357063372760110,13.22754,0.01,ask
1357063372810579,13.22753,0.01,ask
1357063372852301,13.22713,0.01,ask
1357063372894801,13.22712,0.01,ask
1357063372934934,13.22685,0.01,ask
1357063372978937,13.22685,0.01,ask
1357063373030121,13.22684,0.1,ask
1357063373072234,13.22684,0.01,ask
1357063373117631,13.22684,0.01,ask
1357063373169154,13.22623,0.01,ask
1357063373229927,13.22623,0.01,ask
1357063373270492,13.22622,0.01,ask
1357063373310797,13.22622,0.01,ask
1357063373349802,13.22557,0.01,ask
1357063373400093,13.22557,0.01,ask
1357063373449406,13.22556,0.01,ask
1357063373494909,13.22429,0.01,ask
1357063373538168,13.22429,0.01,ask
1357063373586035,13.22428,0.01,ask
1357063373630945,13.22405,0.01,ask
1357063373670724,13.22405,0.01,ask
1357063373705038,13.22404,0.01,ask
1357063373739662,13.22386,0.01,ask
1357063373778983,13.22385,0.01,ask
1357063373821833,13.22371,0.01,ask
1357063373858804,13.2237,0.01,ask
1357063373907795,13.22329,0.01,ask
1357063374109313,13.22201,3.48934067,ask
1357063384370104,13.26041,0.1,bid
1357063384411257,13.27014,0.07369853,bid
1357063386079394,13.23207,0.01,ask
1357063386128668,13.2318,0.01,ask
1357063386462744,13.22203,7.56317647,ask
1357063387085167,13.23654,0.01,ask
1357063398349225,13.23655,6.40756978,ask
1357063398392190,13.23654,0.09,ask
1357063398434544,13.23654,0.1,ask
1357063398496663,13.23209,0.49895,ask
1357063398549210,13.22101,0.12588117,ask
1357063398613896,13.2171,0.1,ask
1357063398661855,13.2171,0.1,ask
1357063398703011,13.20734,0.1,ask
1357063398749607,13.20452,0.12588117,ask
1357063398795793,13.2,2.46828338,ask
1357063431224596,13.23111,0.1,bid
1357063431278268,13.24089,0.1,bid
1357063431321442,13.24089,0.1,bid
1357063431361031,13.25065,0.1,bid
1357063431405394,13.26037,0.1,bid
1357063431450135,13.26037,0.1,bid
1357063431520950,13.27014,0.02630147,bid
1357063431558630,13.27992,0.1,bid
1357063432974845,13.28658,0.1,bid
1357063433025700,13.2896,0.1,bid
1357063433066194,13.29159,0.1,bid
1357063433107613,13.29159,0.1,bid
1357063433153420,13.31,1.0,bid
1357063433317786,13.321,0.1,bid
1357063433357368,13.321,0.1,bid
1357063433396501,13.321,0.1,bid
1357063433492110,13.34101,0.1,bid
1357063434100895,13.35093,0.1,bid
1357063434249576,13.35855,0.1,bid
1357063434301405,13.35944,8.47288153,bid
1357063439413579,13.34101,3.04151247,ask
1357063439464470,13.341,10.79678797,ask
1357063464095909,13.35595,8.0,bid
1357063515322644,13.34924,0.03,bid
1357063697669700,13.3462,0.09829217,bid
1357063730826081,13.32691,9.078164,ask
1357063731075601,13.3269,0.1,ask
1357063731134043,13.317,0.1,ask
1357063732856121,13.29703,0.01,ask
1357063747361246,13.3,0.04914609,bid
1357063747814458,13.29703,0.01,ask
1357063758891551,13.29703,0.22108424,ask
1357063815315472,13.3,2.5163,bid
1357063819057127,13.29703,0.01,ask
1357063847748959,13.29703,28.77813509,ask
1357063848230807,13.29702,0.1,ask
1357063849026846,13.29702,0.1,ask
1357063849623268,13.29702,0.1,ask
1357063849992324,13.26767,0.1,ask
1357063850052016,13.26767,0.1,ask
1357063852762413,13.26568,0.1,ask
1357063853791850,13.26266,0.1,ask
1357063853996668,13.25602,0.1,ask
1357063854250730,13.24625,0.1,ask
1357063854308514,13.2365,0.1,ask
1357063854355386,13.2365,0.1,ask
1357063854447647,13.22,0.5325,ask
1357063854512200,13.22,12.0,ask
1357063854549926,13.21706,0.1,ask
1357063854590501,13.21706,0.1,ask
1357063854653703,13.21158,8.5308661,ask
1357063854729669,13.20729,0.1,ask
1357063854852432,13.2,5.33471662,ask
1357063854900821,13.2,5.0,ask
1357063854995243,13.19999,0.01,ask
1357063855130599,13.19997,0.01,ask
1357063856276316,13.19931,0.01,ask
1357063856320613,13.19899,0.01,ask
1357063856366798,13.19897,0.01,ask
1357063857175212,13.19888,0.01,ask
1357063857229707,13.19815,0.01,ask
1357063857285455,13.19769,0.01,ask
1357063857651990,13.19766,0.1,ask
1357063857686036,13.19725,0.01,ask
1357063857728255,13.19716,0.01,ask
1357063858873730,13.18993,0.40467115,ask
1357063859099724,13.18792,0.1,ask
1357063859163704,13.1849,10.5,ask
1357063859239888,13.18,1.0,ask
1357063859475196,13.17818,0.1,ask
1357063859523034,13.17518,0.42084918,ask
1357063859745862,13.17331,0.1,ask
1357063860339875,13.17324,4.09700961,ask
1357063860817909,13.173,0.2199,ask
1357063862223540,13.17284,6.28135225,ask
1357063944458255,13.19702,0.1,bid
1357063944499034,13.2019,0.1,bid
1357063944538400,13.21166,0.1,bid
1357063944598067,13.22142,0.1,bid
1357063944638622,13.24085,0.1,bid
1357063944677863,13.24085,0.1,bid
1357063944715625,13.26033,0.1,bid
1357063944758320,13.26033,0.1,bid
1357063944799507,13.26033,0.1,bid
1357063944844199,13.27009,0.1,bid
1357063944887706,13.28653,0.1,bid
1357063944922515,13.28653,0.1,bid
1357063944961166,13.28956,0.1,bid
1357063944996555,13.29155,0.1,bid
1357063945649167,13.299,50.58426197,bid
1357063947911202,13.26564,0.01,ask
1357063979871578,13.26764,8.21454656,ask
1357064044260217,13.3,0.04914609,bid
1357064046978591,13.26764,13.021,ask
1357064187654521,13.29999,1.0,bid
1357064194092695,13.29999,59.43763844,bid
1357064194166455,13.3,32.16886156,bid
1357064227113193,13.3,22.5564,bid
1357064294823205,13.3,0.99176315,bid
1357064681589772,13.299,0.02948765,bid
1357064684237964,13.299,0.02948765,bid
1357064706257335,13.299,8.7060889,bid
1357064726864747,13.28001,0.7414078,ask
1357064729380079,13.28001,11.58484518,ask
1357064729438099,13.28,9.61515482,ask
1357064745000492,13.29899,0.02948765,bid
1357064793716948,13.28,1.68484518,ask
1357064793757819,13.28,1.83,ask
1357064816881751,13.26764,8.04530808,ask
1357064816939785,13.26763,0.1,ask
1357064816977136,13.26564,0.09,ask
1357064817012376,13.26261,0.1,ask
1357064817047342,13.26261,0.1,ask
1357064817081534,13.2462,0.1,ask
1357064817122375,13.23646,0.1,ask
1357064817168137,13.23646,0.1,ask
1357064817205320,13.23646,0.1,ask
1357064817294553,13.23645,0.01,ask
1357064817339895,13.23586,0.01,ask
1357064817385190,13.23586,0.01,ask
1357064817433061,13.23349,0.01,ask
1357064817478964,13.23349,0.01,ask
1357064817582410,13.2287,0.01,ask
1357064817625285,13.22867,0.01,ask
1357064817680180,13.21702,0.1,ask
1357064817726686,13.21702,0.1,ask
1357064817762793,13.19762,0.1,ask
1357064817799858,13.18788,0.1,ask
1357064818145781,13.17914,59.9726,ask
1357064818185150,13.17814,0.1,ask
1357064818226613,13.17327,0.1,ask
1357064818260640,13.1732,0.01,ask
1357064818317067,13.1732,0.01,ask
1357064818359578,13.1732,0.01,ask
1357064818402801,13.1732,0.01,ask
1357064818463389,13.17319,0.01,ask
1357064818509168,13.17319,0.01,ask
1357064818558604,13.17319,0.01,ask
1357064818602431,13.17319,0.01,ask
1357064818651141,13.17313,0.01,ask
1357064818698099,13.17313,0.01,ask
1357064818750285,13.17313,0.01,ask
1357064818797481,13.17313,0.01,ask
1357064818847931,13.17307,0.01,ask
1357064818891158,13.17307,0.01,ask
1357064818933808,13.17307,0.01,ask
1357064818978198,13.17307,0.01,ask
1357064819064229,13.17306,0.01,ask
1357064819113993,13.17306,0.01,ask
1357064819157432,13.17306,0.01,ask
1357064819226842,13.17306,0.01,ask
1357064819282574,13.17301,0.01,ask
1357064819328973,13.17301,0.01,ask
1357064819372499,13.17301,0.01,ask
1357064819424395,13.17301,0.01,ask
1357064819471815,13.17291,0.01,ask
1357064819518947,13.17291,0.01,ask
1357064819562425,13.17291,0.01,ask
1357064819605617,13.17291,0.01,ask
1357064819657299,13.17289,0.01,ask
1357064819701049,13.17289,0.01,ask
1357064819744613,13.17289,0.01,ask
1357064819791405,13.17289,0.01,ask
1357064819833768,13.17283,0.01,ask
1357064819875968,13.17283,0.01,ask
1357064819917931,13.17283,0.01,ask
1357064819959397,13.17282,0.01,ask
1357064820013169,13.17282,0.01,ask
1357064820060527,13.17282,0.01,ask
1357064820264372,13.17282,0.01,ask
1357064820306848,13.17251,0.01,ask
1357064820349287,13.17251,0.01,ask
1357064820393258,13.17251,0.01,ask
1357064820436361,13.17248,0.01,ask
1357064820495278,13.17248,0.01,ask
1357064820575934,13.17184,7.15306,ask
1357064820613388,13.17166,0.1,ask
1357064820656754,13.1715,0.1,ask
1357064821192018,13.1712,0.01009129,ask
1357064822071343,13.1712,0.01018534,ask
1357064822495452,13.17119,0.50903865,ask
1357064822632158,13.17039,0.44537754,ask
1357064822670131,13.17011,0.42343853,ask
1357064822715871,13.17,5.0,ask
1357064823085088,13.17,7.593,ask
1357064823126953,13.17,10.0,ask
1357064823491067,13.16848,0.1,ask
1357064823563440,13.16798,0.66840168,ask
1357064824112511,13.16784,0.6841,ask
1357064824397438,13.16784,0.04149,ask
1357064824469552,13.16783,0.02968,ask
1357064825053034,13.16783,0.37593,ask
1357064825337056,13.16745,0.06847,ask
1357064825585485,13.16687,0.01207,ask
1357064825932627,13.16687,0.05405,ask
1357064825976829,13.16652,0.37215895,ask
1357064826062273,13.16573,0.01359548,ask
1357064826104755,13.165,7.5959,ask
1357064826139978,13.16361,0.1,ask
1357064826433248,13.1633,5.0,ask
1357064826511550,13.16221,0.01623601,ask
1357064826543418,13.16139,0.50903868,ask
1357064826720059,13.16123,65.83031096,ask
1357064852152440,13.1873,0.01,bid
1357064856754179,13.16126,0.01,ask
1357064857573193,13.1873,0.01,bid
1357064858841084,13.16126,0.01,ask
1357064881898953,13.1873,0.08,bid
1357064946341338,13.18735,56.16715482,ask
1357064949600572,13.19218,0.1,bid
1357065029782259,13.19698,0.1,bid
1357065029845763,13.21162,0.1,bid
1357065029904724,13.22138,0.1,bid
1357065029953660,13.24081,0.1,bid
1357065030006991,13.24081,0.1,bid
1357065030175790,13.24081,0.1,bid
1357065031104073,13.25769,3.7530495,bid
1357065037786850,13.18737,0.01,ask
1357065044951410,13.21698,0.1,ask
1357065045094272,13.21698,0.1,ask
1357065045143753,13.21698,0.1,ask
1357065064650194,13.19758,0.09484046,ask
1357065100358686,13.24076,9.5404196,bid
1357065171196438,13.24076,66.91668739,bid
1357065171469505,13.24077,0.1,bid
1357065171520940,13.24077,0.1,bid
1357065171592576,13.24077,0.1,bid
1357065347900996,13.25928,0.00092765,bid
1357065387486819,13.25928,0.0616629,bid
1357065456187891,13.26028,0.01055478,bid
1357065456260958,13.26029,0.00394597,bid
1357065470139685,13.26029,0.09605403,bid
1357065470187266,13.26029,0.1,bid
1357065470234388,13.26029,0.1,bid
1357065470275647,13.27004,0.1,bid
1357065470349971,13.28648,0.1,bid
1357065470392269,13.28648,0.1,bid
1357065470432219,13.28952,0.1,bid
1357065470471984,13.29151,0.1,bid
1357065470543110,13.29897,1.28909392,bid
1357065476264593,13.25928,0.02892175,ask
1357065506964649,13.29896,0.87601135,bid
1357065507056003,13.29897,7.12398865,bid
1357065508625963,13.26759,0.01,ask
1357065562261361,13.29897,2.26586103,bid
1357065563170135,13.2676,0.01,ask
1357065594427478,13.29897,0.02963507,bid
1357065594996429,13.2676,0.01,ask
1357065628609834,13.29897,0.02963507,bid
1357065629225359,13.2676,0.01,ask
1357065679546575,13.297,18.23223059,bid
1357065680102479,13.2676,0.01,ask
1357065731376059,13.297,0.02963507,bid
1357065733223593,13.2676,0.01,ask
1357065793559798,13.296,2.8434,bid
1357065801334197,13.297,1.73813434,bid
1357065801411894,13.29897,8.68110387,bid
1357065812086513,13.29601,14.4663,ask
1357065812143085,13.26759,0.09,ask
1357065812198411,13.2656,0.1,ask
1357065812245041,13.26256,0.1,ask
1357065812326785,13.25,185.2437,ask
1357065909391172,13.28643,0.1,bid
1357065909444285,13.28643,0.1,bid
1357065909486621,13.28948,0.1,bid
1357065909535407,13.29147,0.1,bid
1357065909611655,13.29897,4.31148997,bid
1357065909675922,13.29898,11.9582592,bid
1357065910259255,13.25001,0.01,ask
1357066004169551,13.29899,8.3,bid
1357066004983383,13.26756,0.01,ask
1357066021569867,13.26756,21.7,ask
1357066021865033,13.26756,0.03775868,ask
1357066148521805,13.29899,1.7,bid
1357066149568783,13.299,83.64,bid
1357066150627254,13.26756,0.01,ask
1357066224044902,13.26756,0.38017838,ask
1357066299661185,13.299,31.9223327,bid
1357066301407326,13.26756,0.01,ask
1357066356121317,13.26756,1.0,ask
1357066357384783,13.26756,1.0,ask
1357066361086327,13.299,10.09,bid
1357066363515359,13.26756,0.01,ask
1357066565340938,13.299,36.0,bid
1357066565790798,13.299,0.09669899,bid
1357066566041667,13.26756,0.01,ask
1357066571191463,13.299,9.0464185,bid
1357066573004235,13.26756,0.01,ask
1357066631224354,13.299,9.96944055,bid
1357066632071539,13.26756,0.01,ask
1357066857340688,13.295,10.46,bid
1357066857409641,13.299,4.54,bid
1357066858800178,13.26756,0.01,ask
1357067001591963,13.29898,24.29,bid
1357067001685113,13.299,8.2575732,bid
1357067002377681,13.26756,0.01,ask
1357067101714663,13.299,36.09669899,bid
1357067102227774,13.26756,0.01,ask
1357067104861246,13.26756,7.39256132,ask
1357067104932024,13.26755,0.1,ask
1357067104987609,13.26556,0.1,ask
1357067105035585,13.26251,0.1,ask
1357067105088527,13.26251,0.1,ask
1357067115087060,13.26,21.6423608,bid
1357067288463112,13.26,0.91,bid
1357067486531883,13.26,20.65507788,bid
1357067486597207,13.28638,0.1,bid
1357067486769349,13.28638,0.1,bid
1357067486811249,13.28944,0.1,bid
1357067486883359,13.29143,0.1,bid
1357067487145426,13.299,78.94492212,bid
1357067489702697,13.25002,0.01,ask
1357067557607343,13.29899,10.0997677,bid
1357067600447229,13.29899,2.41666914,bid
1357067633745246,13.29899,17.90735444,bid
1357067633919716,13.299,29.63225817,bid
1357067638300918,13.26554,0.01,ask
1357067742838861,13.299,22.5801963,bid
1357067743339272,13.26554,0.01,ask
1357067994280015,13.299,5.0498889,bid
1357067994794976,13.26554,0.01,ask
1357068041483349,13.26554,2.3,ask
1357068056531003,13.299,2.08367873,bid
1357068057486861,13.26554,0.01,ask
1357068065432750,13.26554,0.22880286,ask
1357068081032075,13.299,10.10707571,bid
1357068081636458,13.26554,0.01,ask
1357068210427403,13.26554,0.01158118,ask
1357068239347973,13.26554,32.01026007,ask
1357068239411270,13.26552,0.1,ask
1357068239463444,13.26246,0.1,ask
1357068239514580,13.26246,0.1,ask
1357068239559789,13.26246,0.1,ask
1357068239628240,13.25,7.58973993,ask
1357068285703811,13.28632,1.16215695,bid
1357068418697547,13.25001,6.67476306,ask
1357068434229575,13.28632,0.87721,bid
1357068707156235,13.25001,0.0185,ask
1357069175835670,13.28595,2.26073851,bid
1357069302511438,13.28595,3.613679,bid
1357069318347880,13.254,8.4193,ask
1357069318421557,13.25,17.41026007,ask
1357069318481419,13.25,10.0,ask
1357069318535445,13.24615,0.1,ask
1357069318593091,13.24,1.88581357,ask
1357069318642936,13.24,2.62333987,ask
1357069318700412,13.23644,0.01,ask
1357069318757275,13.23642,0.1,ask
1357069318806044,13.23642,0.1,ask
1357069318860081,13.23642,0.1,ask
1357069318911550,13.22866,0.01,ask
1357069319001913,13.21695,9.24128649,ask
1357069412954475,13.26025,0.1,bid
1357069413001378,13.26025,0.1,bid
1357069413037071,13.26025,0.1,bid
1357069413086284,13.28598,7.65513484,bid
1357069413496659,13.28598,13.16294171,bid
1357069413554125,13.28633,0.1,bid
1357069413598287,13.28633,0.1,bid
1357069413639255,13.28633,0.1,bid
1357069413676640,13.2894,0.1,bid
1357069413752228,13.29897,2.71949803,bid
1357069538600808,13.29876,24.7889,bid
1357069539676532,13.29876,0.18872135,bid
1357069669978992,13.27221,0.42,ask
1357069739588187,13.27221,1.04602732,ask
1357069890006422,13.29876,6.0,bid
1357069947667195,13.29876,2.2831661,bid
1357070009551053,13.29899,6.4940646,bid
1357070009612918,13.299,12.88083464,bid
1357070014783553,13.299,7.5748283,bid
1357070172038176,13.299,2.4956,bid
1357070210870102,13.299,0.02,bid
1357070228280511,13.299,11.9032944,bid
1357070232623610,13.299,0.02948701,bid
1357070235538120,13.299,0.03243572,bid
1357070365698397,13.299,4.6891775,bid
1357070427258500,13.27222,0.41,ask
1357070455725591,13.299,21.6423608,bid
1357070475739700,13.27222,2.6076205,ask
1357070527152510,13.299,0.02255809,bid
1357070529486425,13.299,0.0248139,bid
1357070622608935,13.299,7.5188,bid
1357070627924838,13.299,0.02255809,bid
1357070630373595,13.299,0.0248139,bid
1357070655448537,13.27222,0.85,ask
1357070684824889,13.299,13.7168,bid
1357070710977490,13.299,0.02255809,bid
1357070713847710,13.299,0.0248139,bid
1357070735810581,13.27222,11.3018,ask
1357070759984306,13.27222,1.23295645,ask
1357070777408780,13.299,0.02255809,bid
1357070778370649,13.27222,0.1,ask
1357070781311276,13.299,0.0248139,bid
1357070868018587,13.27222,5.0,ask
1357070913603398,13.299,0.02255809,bid
1357070916922156,13.299,0.0248139,bid
1357071048510072,13.299,7.2141169,bid
1357071263274618,13.299,1.7313925,bid
1357071297567613,13.299,21.658,bid
1357071325835575,13.299,0.02255809,bid
1357071379598105,13.299,0.02255809,bid
1357071385654072,13.299,0.0248139,bid
1357071449223167,13.299,2.0,bid
1357071620617146,13.27222,0.64132107,ask
1357071620677126,13.27221,18.35867893,ask
1357071652520069,13.27221,0.3,ask
1357071679277944,13.275,0.02259887,bid
1357071690676554,13.27221,0.10602254,ask
1357071690768531,13.26548,0.1,ask
1357071690816905,13.26241,0.1,ask
1357071690897299,13.26241,0.1,ask
1357071690937250,13.26241,0.08397746,ask
1357071769812178,13.275,2.24740113,bid
1357071769886942,13.28628,0.1,bid
1357071769976727,13.28628,0.1,bid
1357071770163187,13.28936,0.1,bid
1357071770296979,13.299,2.71673907,bid
1357071798457402,13.29899,22.21393021,bid
1357071798597978,13.299,19.9020863,bid
1357071801696571,13.26546,0.01,ask
1357071839718831,13.299,28.8564777,bid
1357071840254364,13.26546,0.01,ask
1357071863459568,13.299,100.0,bid
1357071864132763,13.26546,0.01,ask
1357071889278666,13.299,100.0,bid
1357071890090326,13.26546,0.01,ask
1357071909460501,13.26546,0.13,ask
1357071994830676,13.299,0.0248139,bid
1357071995844616,13.26546,0.01,ask
1357072085277862,13.26545,0.25,ask
1357072166697332,13.26545,0.44802824,ask
1357072166752242,13.26544,0.1,ask
1357072211700179,13.26544,0.02487667,bid
1357072212722680,13.26242,0.4955948,ask
1357072212853386,13.26241,0.01602254,ask
1357072213003332,13.26236,0.1,ask
1357072215769387,13.26236,0.1,ask
1357072216089129,13.25,0.36566351,ask
1357072245153192,13.25001,9.05399367,ask
1357072245223860,13.25,10.94600633,ask
1357072318571193,13.26543,10.22966367,bid
1357072337939642,13.26544,4.3284762,bid
1357072350955603,13.26544,2.89861889,bid
1357072351009005,13.28623,0.1,bid
1357072351051484,13.28623,0.1,bid
1357072351264592,13.28628,0.1,bid
1357072351304212,13.28932,0.1,bid
1357072351842153,13.299,13.43814161,bid
1357072404721708,13.29899,0.28158589,bid
1357072404794103,13.299,64.71841411,bid
1357072405494432,13.26543,0.01,ask
1357072441969666,13.299,5.77551846,bid
1357072442479528,13.26544,0.01,ask
1357072521341000,13.299,6.9123794,bid
1357072521974938,13.26544,0.01,ask
1357072628194934,13.299,1.4400782,bid
1357072629255511,13.26544,0.01,ask
1357072712594168,13.299,0.89779367,bid
1357072713043232,13.26544,0.01,ask
1357072793903025,13.299,2.26928896,bid
1357072794712277,13.26544,0.01,ask
1357072895134906,13.299,3.3121839,bid
1357072895724071,13.27001,0.01,ask
1357073105649710,13.299,0.37596811,bid
1357073106217652,13.27001,0.01,ask
1357073216475022,13.299,25.2013685,bid
1357073217981959,13.27001,0.01,ask
1357073296013624,13.299,14.400782,bid
1357073296929950,13.27001,0.01,ask
1357073399148985,13.299,36.001955,bid
1357073399784724,13.27001,0.01,ask
1357073493359044,13.299,3.19601849,bid
1357073495153329,13.27001,0.01,ask
1357073495742349,13.299,5.2562824,bid
1357073498332524,13.27001,1.0,ask
1357073612407423,13.299,0.4861,bid
1357073613436018,13.27001,5.24308589,ask
1357073613677563,13.27001,0.01,ask
1357073618166408,13.299,10.0383,bid
1357073618723203,13.27001,0.01,ask
1357073623582530,13.299,15.0,bid
1357073624347310,13.27001,0.01,ask
1357073637310507,13.299,1.5038,bid
1357073638034877,13.27001,0.01,ask
1357073930546439,13.299,7.1865742,bid
1357073931143507,13.27001,0.01,ask
1357074054212258,13.299,9.3425505,bid
1357074057788330,13.27001,0.01,ask
1357074089326928,13.27001,0.11345486,ask
1357074180130273,13.299,0.0615,bid
1357074180801992,13.27001,0.01,ask
1357074197067344,13.299,1.4373108,bid
1357074198078808,13.27001,0.01,ask
1357074356441854,13.29,3.54583994,ask
1357074407236976,13.26544,0.01,ask
1357074475797532,13.28001,8.57524176,ask
1357074475857018,13.28,6.4780128,ask
1357074475917601,13.26543,25.37706607,ask
1357074603150311,13.26544,23.54629937,ask
1357074603248119,13.26543,355.87471269,ask
1357074603338575,13.2654,0.1,ask
1357074603385603,13.26236,0.1,ask
1357074603864731,13.26231,0.1,ask
1357074604577866,13.26231,0.1,ask
1357074604689326,13.2555,120.17898794,ask
1357074704960423,13.28617,34.7580847,bid
1357074705015755,13.28618,0.1,bid
1357074705054972,13.28618,0.1,bid
1357074705137022,13.28618,0.1,bid
1357074705183152,13.28928,0.1,bid
1357074705431466,13.299,118.01140986,bid
1357074705482409,13.299,17.78436031,bid
1357074705540782,13.3,100.0,bid
1357074705603764,13.31655,0.66532703,bid
1357074705821733,13.31995,28.3808181,bid
1357074708045310,13.26536,0.01,ask
1357074743021167,13.26537,1.43811685,ask
1357074743639624,13.26537,41.0,ask
1357074886071350,13.31994,0.33998019,bid
1357074886140259,13.32095,0.1,bid
1357074886191689,13.32095,0.1,bid
1357074886235050,13.32095,0.1,bid
1357074886302434,13.32252,0.1,bid
1357074886364481,13.32252,0.1,bid
1357074886423606,13.32755,0.3,bid
1357074886484720,13.34097,0.1,bid
1357074886620999,13.34097,0.1,bid
1357074887091372,13.349,14.45902561,bid
1357074900054947,13.31696,0.1,ask
1357074900096987,13.31696,0.1,ask
1357074920470604,13.34092,3.01628314,bid
1357075073877303,13.29698,0.01,ask
1357075100453468,13.34092,3.3,bid
1357075201946141,13.34092,1.4362705,bid
1357075474861638,13.34091,34.30878304,bid
1357075474919802,13.34093,0.1,bid
1357075474966506,13.34093,0.1,bid
1357075475047443,13.35,1.39805016,bid
1357075475486514,13.297,7.84878,ask
1357075594471687,13.33867,7.60660786,bid
1357075594562761,13.35,8.55146304,bid
1357075597655137,13.31693,0.01,ask
1357075619723214,13.34999,0.10275231,bid
1357075619794714,13.35,7.79675059,bid
1357075620528228,13.31693,0.01,ask
1357075667083736,13.35,14.3627353,bid
1357075667895284,13.31693,0.01,ask
1357075833190638,13.35,4.3088216,bid
1357075833993457,13.31693,0.01,ask
1357075881288232,13.31693,33.3943871,ask
1357075881346974,13.31692,0.1,ask
1357075881392052,13.31692,0.1,ask
1357075882623358,13.297,0.01,ask
1357075924094369,13.297,1.2189649,bid
1357075971983080,13.3,2.02,bid
1357075972406562,13.31692,19.25096043,bid
1357076112852264,13.31692,16.5171461,bid
1357076170691777,13.297,18.51124532,ask
1357076170753659,13.29699,5.0,ask
1357076170803433,13.29697,0.1,ask
1357076170851169,13.29697,0.1,ask
1357076170893073,13.29697,0.1,ask
1357076170930509,13.26536,0.09,ask
1357076170983851,13.26226,0.1,ask
1357076171027059,13.26226,0.1,ask
1357076171063891,13.26226,0.1,ask
1357076171135650,13.2555,145.79875468,ask
1357076352490674,13.28613,0.1,bid
1357076352543398,13.28613,0.1,bid
1357076352598740,13.28613,0.1,bid
1357076352635878,13.28924,0.1,bid
1357076352685337,13.31692,5.63750637,bid
1357076352736093,13.3209,0.1,bid
1357076352771513,13.3209,0.1,bid
1357076352808051,13.3209,0.1,bid
1357076353064128,13.33989,28.2208294,bid
1357076355244970,13.25551,0.01,ask
1357076355631998,13.33988,28.7254706,bid
1357076360805770,13.29693,0.01,ask
1357076416327655,13.34088,2.26073851,bid
1357076417458463,13.29693,0.01,ask
1357076445864937,13.34088,22.1487748,bid
1357076447638213,13.29693,0.01,ask
1357076654340813,13.29693,6.5,ask
1357076746666624,13.29693,6.8,ask
1357076751998010,13.3,1.40807929,bid
1357076752037304,13.34088,0.12947403,bid
1357076752095249,13.34089,0.1,bid
1357076752152226,13.34089,0.1,bid
1357076752215902,13.35,7.59822008,bid
1357076758581558,13.29693,0.01,ask
1357076772274508,13.35,9.6668413,bid
1357076825809927,13.34999,7.08,bid
1357076826234309,13.34999,6.08057879,bid
1357076826306537,13.35,3.97333491,bid
1357076827434928,13.31689,0.01,ask
1357076834725188,13.35,4.3088216,bid
1357076835234319,13.3169,0.01,ask
1357076865698274,13.35,22.6213033,bid
1357076866283305,13.3169,0.01,ask
1357076992934551,13.3169,17.0002,ask
1357077020113339,13.3169,16.45631062,ask
1357077020174944,13.31688,0.1,ask
1357077020215667,13.31688,0.1,ask
1357077020254086,13.29692,0.1,ask
1357077020295192,13.29692,0.1,ask
1357077020340562,13.29692,0.1,ask
1357077020386923,13.26532,0.1,ask
1357077020427266,13.26221,0.1,ask
1357077020471869,13.26221,0.1,ask
1357077020529093,13.26221,0.1,ask
1357077020595295,13.2555,16.64338938,ask
1357077252542208,13.28608,0.1,bid
1357077252594333,13.28608,0.1,bid
1357077253705825,13.28608,0.1,bid
1357077314605820,13.28609,8.6,ask
1357077343469254,13.2892,0.1,bid
1357077343516662,13.32085,0.1,bid
1357077343552475,13.32085,0.1,bid
1357077343591378,13.32085,0.1,bid
1357077343637435,13.34085,0.1,bid
1357077343687206,13.34085,0.1,bid
1357077343761059,13.35,13.7627353,bid
1357077346084917,13.28609,0.01,ask
1357077352726364,13.31684,0.1,ask
1357077352985748,13.31684,0.1,ask
1357077356675793,13.29688,0.01,ask
1357077358403075,13.3408,1.4362705,bid
1357077414989750,13.3408,1.4362705,bid
1357077422460652,13.3408,39.12295534,bid
1357077422542996,13.34081,0.1,bid
1357077422591090,13.34081,0.1,bid
1357077529967872,13.35,1.65092282,bid
1357077530016247,13.35,5.0,bid
1357077623157567,13.35079,0.06513806,bid
1357077631249894,13.35089,0.1,bid
1357077631640189,13.35131,0.42174072,bid
1357077631696678,13.35221,0.07911767,bid
1357077631770698,13.35276,0.33,bid
1357077632290211,13.35896,0.03483,bid
1357077632355124,13.36092,0.1,bid
1357077632450274,13.36389,0.10568603,bid
1357077632514286,13.36873,0.07139363,bid
1357077632570183,13.37032,0.0835084,bid
1357077632735041,13.37084,0.07431,bid
1357077632785416,13.37088,0.1,bid
1357077632837671,13.37276,0.33,bid
1357077632933940,13.3745,17.20003555,bid
1357077666704086,13.37449,0.33739998,bid
1357077666780408,13.3745,0.66260002,bid
1357077669772005,13.3508,0.01,ask
1357077683800536,13.35081,17.59974946,ask
1357077683856145,13.3508,0.92486194,ask
1357077683902924,13.35001,36.87597537,ask
1357077683944848,13.35,0.07613,ask
1357077684003920,13.3168,0.1,ask
1357077684416012,13.3168,0.1,ask
1357077684469903,13.29687,0.1,ask
1357077684813796,13.29687,0.1,ask
1357077684953796,13.29687,0.1,ask
1357077686078751,13.26628,59.9227,ask
1357077686323888,13.26528,0.1,ask
1357077686362497,13.26217,0.1,ask
1357077686784401,13.26217,0.1,ask
1357077686832966,13.26217,0.1,ask
1357077687115462,13.2615,17.96259849,ask
1357077687455079,13.2555,265.73798474,ask
1357077706795899,13.37348,0.07005133,bid
1357077706990753,13.37348,4.59638553,bid
1357077710431392,13.25552,0.01,ask
1357077797086812,13.35573,11.4998,bid
1357077797809671,13.25553,0.01,ask
1357077805757540,13.25551,0.01,ask
1357077806881442,13.37143,14.50064169,bid
1357077806981983,13.37144,3.42750814,bid
1357077807172776,13.3735,16.25515877,bid
1357077812563561,13.35573,0.01,ask
1357077898948354,13.35574,2.88770003,ask
1357077962908404,13.37223,5.37490306,bid
1357077963790130,13.35574,0.01,ask
1357077987043033,13.35574,2.0,ask
1357077992738654,13.3745,19.7487623,bid
1357077993589694,13.35574,0.01,ask
1357078000598152,13.3745,7.4769,bid
1357078001994702,13.35574,0.01,ask
1357078077851038,13.35574,6.8456976,ask
1357078078873703,13.25651,0.01,ask
1357078090636787,13.35474,21.5497337,bid
1357078091467392,13.25651,0.01,ask
1357078264577189,13.35474,11.4923254,bid
1357078268215890,13.25651,0.01,ask
1357078582023834,13.25651,75.4347,ask
1357078595808172,13.25651,0.5653,ask
1357078618782949,13.35474,0.1614,bid
1357078619489293,13.25651,0.01,ask
1357078992663229,13.25551,0.01,ask
1357079132888332,13.2555,1.67482065,ask
1357079279462886,13.3,5.0376,ask
1357079284156344,13.25551,0.01,ask
1357079335544920,13.25551,41.0,ask
1357079470610309,13.3,0.01,ask
1357079479666638,13.29999,0.01,bid
1357079500501593,13.29998,0.2,bid
1357079509519410,13.29997,0.01,ask
1357079515032932,13.29996,28.758639,bid
1357079549064592,13.2555,0.012,ask
1357079555633766,13.29995,10.7749325,bid
1357079561101894,13.29994,0.01,ask
1357079618610742,13.25551,0.01,ask
1357079631722289,13.3,0.01,ask
1357079637154350,13.25551,0.01,ask
1357079639835311,13.3,0.01,ask
1357079644264683,13.25551,0.01,ask
1357079659471032,13.34999,0.01,bid
1357079659728712,13.34999,0.01,bid
1357079659963006,13.25551,0.01,ask
1357079700699483,13.29999,0.01,ask
1357079717341868,13.2999,0.01,ask
1357079740369882,13.2998,0.01,ask
1357079749958110,13.2998,0.01,ask
1357079752617810,13.35,7.465,bid
1357079780638917,13.35,0.01,ask
1357079817284870,13.35,0.01,ask
1357079841631837,13.35573,4.0944491,bid
1357079895805270,13.35,8.695,ask
1357079897316942,13.25651,0.01,ask
1357079902364287,13.35,12.22606816,bid
1357079903881993,13.25651,0.01,ask
1357080014493584,13.25551,0.01,ask
1357080028381830,13.31999,7.1832412,bid
1357080028960080,13.25551,0.01,ask
1357080031265828,13.31999,2.26073851,bid
1357080034428824,13.25551,0.01,ask
1357080041276918,13.25551,0.01,ask
1357080109867385,13.3,18.3066,ask
1357080114796743,13.25551,0.01,ask
1357080300680212,13.31999,0.15015,bid
1357080505639554,13.31999,29.08745732,bid
1357080505723312,13.32,0.01,bid
1357080604515830,13.35001,0.01,bid
1357080604568200,13.355,0.01,bid
1357080604627947,13.3555,1.45232897,bid
1357080604685193,13.35574,17.92837103,bid
1357080634629224,13.35574,2.412,bid
1357080654877165,13.35,0.01558951,ask
1357080655038991,13.27,0.00441049,ask
1357080767841162,13.27,0.99558951,ask
1357080767938817,13.2615,19.00441049,ask
1357080782195376,13.35574,4.1181,bid
1357081013529720,13.35549,1.4423406,bid
1357081039410526,13.35549,2.1635109,bid
1357081239087929,13.2615,8.37361158,ask
1357081239161647,13.26,1.62638842,ask
1357081372756789,13.35449,60.0012,bid
1357081374472809,13.3545,39.9988,ask
1357081487625421,13.35449,20.0029,bid
1357081487684713,13.35549,14.58088586,bid
1357081487744266,13.35574,1.47467864,bid
1357081963056193,13.35474,2.1635109,bid
1357082431328669,13.35474,7.0,bid
1357082586470710,13.35474,7.0674548,bid
1357082744411588,13.35,0.05,bid
1357082744575594,13.35474,17.9792373,bid
1357083164932332,13.29052,0.02,ask
1357083164969119,13.26,0.42,ask
1357083209916673,13.35574,1.4423406,bid
1357083226160341,13.35574,10.8175444,bid
1357083461859445,13.31324,0.02,ask
1357083536905854,13.31324,1.98,bid
1357083536956984,13.35574,5.2316929,bid
1357083616628493,13.30412,0.25386683,ask
1357083647664172,13.35574,2.24550898,bid
1357083730200802,13.30412,2.6204,ask
1357083864049181,13.35574,50.3154,bid
1357083880286903,13.35574,12.2406647,bid
1357084173450673,13.35573,0.43508635,bid
1357084173511205,13.35574,2.08505555,bid
1357084174409721,13.30413,0.01,ask
1357084203722899,13.35574,1.4400782,bid
1357084204428076,13.30413,0.01,ask
1357084246015682,13.35574,32.4017595,bid
1357084247013022,13.30413,0.01,ask
1357084361607428,13.35574,2.8801564,bid
1357084362439404,13.30413,0.01,ask
1357084710304341,13.35574,5.0402737,bid
1357084711193969,13.30413,0.01,ask
